Name,TimeDate,power,baro,windspeed1,windspeed2,winddirection,temp,power_max,power_min,power_dev,baro_max,baro_min,baro_dev,windspeed1_max,windspeed1_min,windspeed1_dev,windspeed2_max,windspeed2_min,windspeed2_dev,winddirection_max,winddirection_min,winddirection_dev,temp_max,temp_min,temp_std,grid,fault,grid_max,grid_min,grid_std,fault_max,fault_min,fault_std,windcha,tlqd,K_temp,md,v3,cp
1,2016/11/9 13:00,-21.27,997.63,2.81,2.76,226.59,-0.51,43.45,-41.42,19.46,997.94,997.29,0.0,4.82,1.09,0.83,4.88,1.06,0.81,275.73,175.56,14.34,-0.3,-1.24,0.28,0.6,0,1,0,0.5,0,0,0,0.05,0.29537366548,272.64,1.2747422379,22.188041,-0.00138011003641
1,2016/11/9 11:10,-38.7,999.04,3.01,2.97,209.9,-2.11,-19.73,-51.16,4.25,999.24,998.83,0.0,4.97,1.85,0.63,5.07,1.81,0.62,245.27,184.96,10.77,-2.11,-2.46,0.1,0.2,0,1,0,0.4,0,0,0,0.04,0.209302325581,271.04,1.28407957263,27.270901,-0.00202818282714
1,2016/11/9 12:10,-38.05,998.46,3.14,3.1,243.0,-1.4,-11.24,-49.9,5.71,998.53,998.23,0.0,5.06,2.24,0.53,4.83,2.2,0.5,311.91,210.15,18.29,-1.09,-1.65,0.15,0.6,0,1,0,0.5,0,0,0,0.04,0.168789808917,271.75,1.27998112962,30.959144,-0.00176217773637
1,2016/11/9 11:50,-30.16,998.61,3.19,3.12,218.4,-1.65,30.88,-48.64,17.55,998.89,998.43,0.0,5.17,1.95,0.63,5.26,1.86,0.63,301.46,181.89,19.06,-1.31,-1.9,0.1,0.3,0,1,0,0.5,0,0,0,0.07,0.197492163009,271.5,1.28135221981,32.461759,-0.00133069437954
1,2016/11/9 13:20,-27.64,997.26,3.3,3.27,227.41,-0.52,170.75,-48.33,33.38,997.52,997.08,0.0,4.98,1.45,0.68,5.08,1.66,0.67,254.69,162.23,10.24,-0.44,-0.94,0.1,0.8,0,1,0,0.4,0,0,0,0.03,0.206060606061,272.63,1.27431620268,35.937,-0.00110766025863
1,2016/11/9 12:00,-32.8,998.49,3.31,3.25,234.05,-1.56,41.25,-47.07,9.41,998.71,998.28,0.0,4.97,1.75,0.77,5.08,1.66,0.79,267.06,199.88,15.76,-1.22,-1.67,0.14,0.1,0,1,0,0.3,0,0,0,0.06,0.232628398792,271.59,1.28077367766,36.264691,-0.00129600008223
1,2016/11/9 10:30,-35.87,999.43,3.34,3.29,233.77,-2.71,28.99,-53.04,8.04,999.63,999.22,2.61,4.52,2.14,0.54,4.48,2.1,0.52,256.7,202.39,10.82,-2.71,-2.99,0.09,0.3,0,1,0,0.4,0,0,0,0.05,0.161676646707,270.44,1.28743082457,37.259704,-0.00137232076007
1,2016/11/9 10:20,-38.01,999.48,3.38,3.29,233.53,-2.89,-0.87,-53.99,9.88,999.67,999.22,1.91,4.52,2.44,0.46,4.48,2.4,0.44,265.23,203.68,10.46,-2.88,-3.37,0.1,0.8,0,1,0,0.4,0,0,0,0.09,0.136094674556,270.26,1.28835273723,38.614472,-0.00140216959136
1,2016/11/9 11:00,-30.68,999.13,3.47,3.4,233.18,-2.45,57.91,-52.73,21.97,999.24,998.97,1.08,4.87,1.9,0.58,4.83,1.76,0.58,257.48,196.42,10.3,-2.19,-2.72,0.11,0.5,0,1,0,0.5,0,0,0,0.07,0.167146974063,270.7,1.28580820387,41.781923,-0.0010480410623
1,2016/11/9 12:30,-26.79,998.25,3.49,3.46,244.89,-1.23,198.41,-48.02,28.97,998.51,998.07,0.0,4.87,2.19,0.51,5.03,2.3,0.5,277.11,197.8,12.56,-1.1,-1.49,0.08,1.0,0,1,1,0.0,0,0,0,0.03,0.146131805158,271.92,1.27891186374,42.508549,-0.000904364230533
1,2016/11/9 13:40,-27.27,996.95,3.56,3.5,211.37,-0.69,34.02,-46.44,18.17,997.16,996.73,0.0,5.71,2.14,0.54,5.47,2.15,0.54,239.83,183.06,8.49,-0.68,-1.02,0.07,1.0,0,1,1,0.0,0,0,0,0.06,0.151685393258,272.46,1.27471493509,45.118016,-0.000870181067119
1,2016/11/9 12:20,-31.19,998.42,3.59,3.54,224.92,-1.31,174.83,-46.76,26.47,998.69,998.25,0.0,5.56,2.19,0.71,5.57,2.2,0.68,276.76,190.16,17.26,-1.18,-1.49,0.11,0.2,0,1,0,0.4,0,0,0,0.05,0.197771587744,271.84,1.27950609593,46.268279,-0.00096689035895
1,2016/11/9 10:40,-27.79,999.38,3.59,3.55,227.16,-2.72,122.66,-53.04,32.48,999.62,999.16,0.0,5.02,2.64,0.6,4.93,2.56,0.56,259.33,197.0,11.17,-2.71,-3.02,0.09,0.6,0,1,0,0.5,0,0,0,0.04,0.16713091922,270.43,1.28741402074,46.268279,-0.000856198626117
1,2016/11/9 13:30,-26.85,997.07,3.61,3.57,218.15,-0.85,45.34,-50.53,16.98,997.18,996.9,1.39,6.36,2.01,0.76,6.46,1.96,0.77,251.97,181.98,13.89,-0.52,-0.95,0.15,0.4,0,1,0,0.5,0,0,0,0.04,0.210526315789,272.3,1.27561746521,47.045881,-0.000821088156149
1,2016/11/9 10:50,-20.64,999.25,3.62,3.55,242.75,-2.54,46.59,-51.79,31.49,999.44,999.01,0.0,5.46,2.3,0.7,5.29,2.2,0.71,261.83,208.39,7.36,-2.45,-2.89,0.13,1.0,0,1,1,0.0,0,0,0,0.07,0.193370165746,270.61,1.28639032316,47.437928,-0.000620724342362
1,2016/11/9 15:10,34.98,996.14,3.64,4.22,180.87,-0.86,138.37,-30.41,37.75,996.34,995.89,1.03,5.31,2.39,0.65,5.08,2.8,0.4,216.36,161.88,10.25,-0.69,-0.87,0.07,1.0,0,1,1,0.0,0,0,0,0.58,0.178571428571,272.29,1.27447445888,48.228544,0.00104441254064
1,2016/11/9 13:50,-13.31,996.93,3.65,3.59,216.32,-0.86,87.45,-48.02,37.53,997.16,996.7,0.0,5.31,2.14,0.82,5.23,2.15,0.79,246.89,184.47,11.58,-0.44,-0.94,0.14,1.0,0,1,1,0.0,0,0,0,0.06,0.224657534247,272.29,1.27548519515,48.627125,-0.000393832543451
1,2016/11/9 14:50,-9.86,996.45,3.66,3.63,204.91,-0.52,60.42,-45.19,26.77,996.55,996.27,0.65,4.67,2.69,0.47,4.58,2.8,0.42,223.03,182.22,8.18,-0.52,-0.8,0.06,1.0,0,1,1,0.0,0,0,0,0.03,0.128415300546,272.63,1.27328117057,49.027896,-0.000289865749469
1,2016/11/9 12:40,-6.39,998.07,3.68,3.62,249.92,-1.02,51.62,-44.56,23.52,998.33,997.87,0.0,4.97,1.68,0.76,4.83,1.71,0.75,295.27,209.73,9.45,-0.93,-1.4,0.11,1.0,0,1,1,0.0,0,0,0,0.06,0.20652173913,272.13,1.2776945105,49.836032,-0.000184169595134
1,2016/11/9 11:30,-36.92,998.7,3.73,3.67,233.21,-1.89,3.22,-49.59,5.86,998.89,998.61,0.0,5.51,2.19,0.67,5.47,2.2,0.65,273.34,204.62,17.37,-1.81,-2.11,0.08,0.3,0,1,0,0.5,0,0,0,0.06,0.179624664879,271.26,1.2826014934,51.895117,-0.00101796070963
1,2016/11/9 15:00,-7.88,996.29,3.87,3.98,198.63,-0.69,129.57,-45.5,32.35,996.52,996.06,0.0,5.16,2.2,0.57,4.98,2.75,0.44,223.24,165.16,12.02,-0.52,-0.72,0.05,1.0,0,1,1,0.0,0,0,0,0.11,0.147286821705,272.46,1.27387104938,57.960603,-0.000195864358657
1,2016/11/9 16:10,86.16,995.3,3.92,4.41,180.07,-1.51,154.4,33.08,25.8,995.45,994.99,2.42,5.61,2.44,0.64,5.42,3.59,0.32,196.53,164.6,6.5,-1.33,-1.6,0.07,1.0,0,1,1,0.0,0,0,0,0.49,0.163265306122,271.64,1.27644683575,60.236288,0.00205651706806
1,2016/11/9 14:30,1.7,996.73,3.98,3.91,222.38,-0.69,67.02,-44.87,31.42,997.0,996.47,0.0,5.31,1.95,0.62,5.12,1.89,0.62,257.87,196.77,12.82,-0.44,-0.86,0.12,1.0,0,1,1,0.0,0,0,0,0.07,0.155778894472,272.46,1.27443363985,63.044792,3.8830236774e-05
1,2016/11/9 12:50,-11.12,997.92,4.03,3.98,226.21,-1.19,51.31,-52.73,21.4,998.13,997.66,1.5,5.56,2.65,0.52,5.43,2.55,0.52,261.62,198.2,13.52,-1.02,-1.33,0.08,1.0,0,1,1,0.0,0,0,0,0.05,0.129032258065,271.96,1.2783010422,65.450827,-0.000243918121071
1,2016/11/9 16:30,105.64,994.66,4.16,4.9,164.44,-1.83,143.09,71.42,14.85,994.97,994.31,2.38,5.61,2.83,0.78,5.48,4.28,0.22,173.41,149.49,4.5,-1.68,-1.86,0.05,1.0,0,1,1,0.0,0,0,0,0.74,0.1875,271.32,1.27713054987,71.991296,0.00210863138905
1,2016/11/9 14:00,34.04,996.93,4.22,4.15,219.3,-0.68,113.54,-39.84,42.64,997.16,996.73,0.0,5.95,2.78,0.67,5.77,2.65,0.66,232.31,197.42,6.12,-0.6,-1.03,0.07,1.0,0,1,1,0.0,0,0,0,0.07,0.158767772512,272.47,1.27464258005,75.151448,0.000652155763042
1,2016/11/9 14:40,30.97,996.51,4.32,4.27,200.73,-0.78,99.08,-17.53,25.37,996.73,996.27,0.0,5.71,2.89,0.53,5.57,3.15,0.45,216.26,186.86,5.62,-0.69,-0.88,0.07,1.0,0,1,1,0.0,0,0,0,0.05,0.122685185185,272.37,1.27457336643,80.621568,0.000553111497029
1,2016/11/9 15:50,196.52,995.58,4.41,5.36,176.0,-1.25,277.93,124.54,41.85,995.66,995.36,0.0,5.8,3.23,0.54,6.37,4.14,0.51,197.28,157.55,8.16,-1.21,-1.36,0.03,1.0,0,1,1,0.0,0,0,0,0.95,0.122448979592,271.9,1.27558500348,85.766121,0.0032966219229
1,2016/11/9 15:20,77.82,996.12,4.48,4.69,182.35,-0.95,165.09,-13.13,41.23,996.32,995.88,1.03,5.66,2.64,0.66,5.62,3.34,0.44,197.4,158.62,6.68,-0.86,-0.97,0.04,1.0,0,1,1,0.0,0,0,0,0.21,0.147321428571,272.2,1.27487025342,89.915392,0.00124588729401
1,2016/11/9 14:20,55.4,996.88,4.63,4.55,225.05,-0.7,164.46,-14.38,28.15,997.11,996.7,0.0,5.91,3.43,0.41,5.77,3.39,0.41,240.75,206.91,5.8,-0.61,-1.05,0.1,1.0,0,1,1,0.0,0,0,0,0.08,0.0885529157667,272.45,1.27467221589,99.252847,0.000803629428919
1,2016/11/9 16:00,140.64,995.44,4.71,4.9,181.72,-1.33,234.24,27.11,44.35,995.64,995.18,0.0,6.65,2.93,0.8,5.97,3.94,0.47,191.82,164.29,5.27,-1.25,-1.36,0.04,1.0,0,1,1,0.0,0,0,0,0.19,0.169851380042,271.82,1.27578099645,104.487111,0.00193623277704
1,2016/11/9 14:10,37.94,996.2,4.73,4.67,220.2,-0.94,190.55,-39.84,54.14,996.96,592.38,16.34,6.25,3.08,0.7,6.17,2.95,0.69,252.35,187.89,11.57,-0.6,-0.94,0.09,1.0,0,1,1,0.0,0,0,0,0.06,0.14799154334,272.21,1.27492580247,105.823817,0.000516079435479
1,2016/11/9 17:40,238.4,994.0,4.9,5.71,165.7,-2.49,292.07,200.29,23.75,994.23,993.8,2.24,6.4,3.28,0.78,6.55,5.13,0.26,176.2,155.91,3.66,-2.31,-2.5,0.08,1.0,0,1,1,0.0,0,0,0,0.81,0.159183673469,270.66,1.27939531401,117.649,0.00290670404771
1,2016/11/10 6:40,304.32,982.51,5.2,6.2,175.13,1.58,572.12,205.32,57.87,982.82,982.21,0.0,7.29,3.48,0.92,7.51,4.82,0.46,208.79,154.29,8.01,1.67,1.38,0.06,1.0,0,1,1,0.0,0,0,0,1.0,0.176923076923,274.73,1.24587176035,140.608,0.00318812016701
1,2016/11/9 20:00,248.4,993.31,5.33,6.06,164.46,-2.64,280.76,208.46,15.01,993.53,993.06,0.0,6.4,3.82,0.65,6.52,5.13,0.21,171.21,156.05,1.97,-2.64,-2.93,0.08,1.0,0,1,1,0.0,0,0,0,0.73,0.121951219512,270.51,1.27921614524,151.419437,0.00235349669336
1,2016/11/9 16:40,147.91,994.29,5.38,5.26,157.66,-1.84,181.43,95.63,14.57,994.54,994.05,0.0,6.09,4.27,0.32,5.97,4.23,0.3,166.36,149.93,2.74,-1.74,-1.92,0.03,1.0,0,1,1,0.0,0,0,0,0.12,0.0594795539033,271.31,1.2767025299,155.720872,0.00136536432514
1,2016/11/9 17:00,141.29,994.06,5.53,5.41,155.95,-1.92,166.97,117.63,10.82,994.29,993.83,2.09,5.9,4.86,0.14,5.77,4.68,0.14,161.22,148.69,1.54,-1.74,-1.94,0.05,1.0,0,1,1,0.0,0,0,0,0.12,0.0253164556962,271.23,1.27678368164,169.112377,0.00120089840483
1,2016/11/9 16:50,140.59,994.11,5.58,5.45,156.71,-1.84,177.98,111.03,15.25,994.33,993.85,2.79,6.05,5.21,0.17,5.97,5.03,0.17,161.62,152.51,1.19,-1.74,-1.92,0.03,1.0,0,1,1,0.0,0,0,0,0.13,0.0304659498208,271.31,1.27647140371,173.741112,0.00116339797713
1,2016/11/9 17:10,169.57,994.06,5.6,5.47,156.15,-2.01,223.87,109.46,25.91,994.26,993.44,2.31,6.15,5.01,0.2,6.07,4.83,0.2,162.47,148.1,2.32,-1.92,-2.02,0.04,1.0,0,1,1,0.0,0,0,0,0.13,0.0357142857143,271.14,1.27720748681,175.616,0.00138742988097
1,2016/11/9 19:20,259.41,993.94,5.64,6.0,180.78,-2.74,318.79,204.06,34.21,994.16,993.7,1.85,7.08,3.48,0.78,6.86,5.32,0.32,193.16,171.14,5.59,-2.48,-2.77,0.1,1.0,0,1,1,0.0,0,0,0,0.36,0.13829787234,270.41,1.28050084468,179.406144,0.00207232130834
1,2016/11/9 17:20,186.44,994.08,5.66,5.54,158.13,-2.14,225.12,157.86,13.71,994.26,993.81,2.22,6.25,4.71,0.23,6.02,5.04,0.21,165.42,149.06,2.54,-1.92,-2.14,0.05,1.0,0,1,1,0.0,0,0,0,0.12,0.0406360424028,271.01,1.27784585587,181.321496,0.00147672249977
1,2016/11/11 0:00,202.35,975.4,5.78,5.69,233.26,2.26,308.42,71.74,45.79,975.61,975.15,0.0,7.29,4.42,0.54,7.21,4.38,0.53,248.32,211.13,6.27,2.26,2.13,0.03,1.0,0,1,1,0.0,0,0,0,0.09,0.0934256055363,275.41,1.23380207081,193.100552,0.00155869721262
1,2016/11/9 17:30,192.02,993.97,5.88,5.75,158.56,-2.31,238.64,156.92,13.57,994.05,993.77,2.66,6.35,4.96,0.25,6.22,4.93,0.23,165.58,153.7,1.53,-2.14,-2.43,0.09,1.0,0,1,1,0.0,0,0,0,0.13,0.0425170068027,270.84,1.27850644126,203.297472,0.00135581091805
1,2016/11/10 23:39,226.79,975.39,5.97,5.88,217.36,2.21,322.25,130.83,38.18,975.61,975.15,0.0,7.24,4.47,0.52,7.16,4.58,0.51,234.82,194.64,5.51,2.26,2.13,0.02,1.0,0,1,1,0.0,0,0,0,0.09,0.0871021775544,275.36,1.23401345369,212.776173,0.00158514345986
1,2016/11/10 23:50,237.88,975.33,6.09,6.02,226.84,2.22,341.42,136.49,50.92,975.43,975.12,0.0,8.13,4.71,0.6,8.0,4.53,0.59,248.03,208.91,6.27,2.22,2.11,0.04,1.0,0,1,1,0.0,0,0,0,0.07,0.0985221674877,275.37,1.2338927346,225.866529,0.00156644880241
1,2016/11/11 0:10,230.04,975.43,6.11,6.04,239.42,2.05,383.85,70.17,76.43,975.61,975.32,0.0,7.63,4.42,0.62,7.6,4.33,0.6,261.93,212.77,9.41,2.26,2.04,0.05,1.0,0,1,1,0.0,0,0,0,0.07,0.10147299509,275.2,1.23478153875,228.099131,0.00149891553464
1,2016/11/10 23:30,264.2,975.38,6.17,6.09,218.61,2.26,393.91,128.63,56.88,975.61,975.15,0.0,7.88,4.56,0.65,7.7,4.53,0.65,241.57,197.07,5.42,2.34,2.23,0.01,1.0,0,1,1,0.0,0,0,0,0.08,0.105348460292,275.41,1.23377677243,234.885113,0.00167312462627
1,2016/11/9 20:10,337.6,993.2,6.28,6.63,163.23,-2.74,387.31,277.3,26.56,993.5,992.88,2.59,7.14,4.67,0.43,7.11,5.97,0.19,168.53,156.0,1.84,-2.56,-2.82,0.06,1.0,0,1,1,0.0,0,0,0,0.35,0.0684713375796,270.41,1.27954749676,247.673152,0.00195503553388
1,2016/11/9 18:00,308.49,994.18,6.28,6.29,179.08,-2.57,382.59,232.35,33.95,994.41,993.9,0.0,7.93,4.22,0.75,7.11,5.47,0.29,189.62,170.43,3.14,-2.4,-2.59,0.03,1.0,0,1,1,0.0,0,0,0,0.01,0.119426751592,270.58,1.28000533127,247.673152,0.00178582106283
1,2016/11/10 7:00,364.09,982.34,6.29,6.94,179.74,1.91,511.46,178.29,66.08,982.62,982.13,0.0,9.52,3.78,1.05,9.11,4.88,0.6,197.82,160.33,7.06,1.99,1.58,0.09,1.0,0,1,1,0.0,0,0,0,0.65,0.16693163752,275.06,1.24416173049,248.858189,0.00215807998066
1,2016/11/9 18:20,362.87,994.3,6.35,6.64,178.56,-2.66,395.79,339.85,10.58,994.41,994.09,0.0,7.88,4.32,0.7,7.29,5.87,0.26,189.79,171.18,3.82,-2.39,-2.66,0.06,1.0,0,1,1,0.0,0,0,0,0.29,0.110236220472,270.49,1.28058577803,256.047875,0.00203099462784
1,2016/11/9 19:10,334.61,994.06,6.5,6.54,184.23,-2.74,396.74,204.38,54.48,994.36,993.86,1.57,7.59,4.07,0.54,7.11,5.47,0.34,191.64,171.25,4.13,-2.56,-2.76,0.05,1.0,0,1,1,0.0,0,0,0,0.04,0.0830769230769,270.41,1.28065544163,274.625,0.00174603967119
1,2016/11/10 23:20,315.16,975.4,6.57,6.47,221.22,2.26,414.02,233.61,30.54,975.63,975.17,0.0,7.83,5.16,0.55,7.78,4.96,0.55,236.39,205.55,5.15,2.34,2.23,0.04,1.0,0,1,1,0.0,0,0,0,0.1,0.0837138508371,275.41,1.23380207081,283.593393,0.00165301596643
1,2016/11/9 20:20,335.8,992.97,6.61,6.59,159.86,-2.9,375.36,297.41,19.98,993.27,992.81,0.0,7.24,5.41,0.27,7.16,5.92,0.24,170.17,148.67,3.26,-2.73,-2.99,0.07,1.0,0,1,1,0.0,0,0,0,0.02,0.0408472012103,270.25,1.28000855943,288.804781,0.001667059112
1,2016/11/9 21:30,392.18,992.19,6.63,6.47,152.4,-2.73,443.26,335.13,23.29,992.41,991.94,0.73,7.64,5.36,0.4,7.46,5.23,0.39,169.99,142.03,4.23,-2.73,-3.14,0.09,1.0,0,1,1,0.0,0,0,0,0.16,0.0603318250377,270.42,1.27819903677,291.434247,0.00193211926643
1,2016/11/9 18:50,347.52,994.3,6.68,6.65,183.99,-2.74,444.83,267.55,44.63,994.57,994.11,1.73,7.73,4.47,0.48,7.51,5.82,0.33,194.45,172.35,4.02,-2.74,-2.85,0.04,1.0,0,1,1,0.0,0,0,0,0.03,0.0718562874251,270.41,1.28096463555,298.077632,0.00167032444198
1,2016/11/9 19:00,463.3,994.26,6.7,7.24,188.65,-2.65,492.29,393.59,22.77,994.38,994.09,0.33,7.63,5.75,0.27,7.78,6.27,0.22,195.15,180.53,1.45,-2.56,-2.76,0.06,1.0,0,1,1,0.0,0,0,0,0.54,0.0402985074627,270.5,1.28048692142,300.763,0.0022077520931
1,2016/11/10 7:20,497.95,982.13,6.74,7.01,187.82,2.16,834.58,314.7,106.86,982.26,981.94,1.57,11.25,3.97,1.21,10.63,5.08,1.01,211.04,158.2,8.09,2.17,1.97,0.05,1.0,0,1,1,0.0,0,0,0,0.27,0.179525222552,275.31,1.24276621845,306.182024,0.00240161931497
1,2016/11/10 23:10,343.34,975.59,6.75,6.68,224.44,2.34,449.86,196.52,46.71,975.83,975.37,0.0,8.87,5.06,0.65,8.65,5.17,0.63,244.31,197.78,5.72,2.5,2.31,0.04,1.0,0,1,1,0.0,0,0,0,0.07,0.0962962962963,275.49,1.23368404981,307.546875,0.00166072106587
1,2016/11/9 18:10,349.66,994.25,6.77,6.62,180.22,-2.49,423.14,275.1,35.15,994.42,994.09,0.0,8.13,4.12,0.63,7.41,5.77,0.34,189.08,170.36,3.25,-2.4,-2.59,0.04,1.0,0,1,1,0.0,0,0,0,0.15,0.0930576070901,270.66,1.27971709352,310.288733,0.00161604532175
1,2016/11/9 21:40,479.49,992.05,6.91,6.74,150.56,-2.64,572.12,408.37,32.3,992.23,991.75,1.67,8.13,5.61,0.47,8.1,5.37,0.47,164.55,138.9,3.58,-2.56,-2.91,0.07,1.0,0,1,1,0.0,0,0,0,0.17,0.068017366136,270.51,1.27759347725,329.939371,0.00208756634325
1,2016/11/9 18:40,357.77,994.32,6.94,6.61,183.29,-2.74,398.31,318.47,19.58,994.39,994.11,0.0,8.03,5.4,0.42,7.21,5.87,0.26,190.11,172.75,2.83,-2.74,-2.92,0.05,1.0,0,1,1,0.0,0,0,0,0.33,0.0605187319885,270.41,1.28099040171,334.255384,0.0015334414349
1,2016/11/9 18:30,400.88,994.32,6.96,6.72,183.87,-2.74,435.71,352.11,17.49,994.41,994.09,0.57,8.18,5.65,0.48,7.56,5.93,0.31,192.86,168.11,2.87,-2.57,-2.82,0.07,1.0,0,1,1,0.0,0,0,0,0.24,0.0689655172414,270.41,1.28099040171,337.153536,0.00170344593956
1,2016/11/10 0:50,386.54,988.35,7.05,6.86,141.34,-1.74,641.27,199.98,82.23,988.54,988.06,2.31,9.49,4.91,0.76,9.09,4.68,0.74,160.36,121.6,6.63,-1.6,-1.74,0.03,1.0,0,1,1,0.0,0,0,0,0.19,0.10780141844,271.41,1.26860777969,350.402625,0.00159583241048
1,2016/11/9 20:30,362.02,992.79,7.06,6.9,155.54,-2.56,403.97,338.9,12.7,993.11,992.48,0.0,7.73,6.25,0.29,7.56,6.12,0.29,163.38,147.85,2.48,-2.56,-3.0,0.13,1.0,0,1,1,0.0,0,0,0,0.16,0.0410764872521,270.59,1.27816847016,351.895816,0.00147712728664
1,2016/11/10 23:00,428.58,975.62,7.13,7.04,227.74,2.5,636.87,205.01,99.01,975.85,975.4,0.0,8.87,5.21,0.71,8.6,5.28,0.69,242.36,205.95,5.08,2.59,2.4,0.03,1.0,0,1,1,0.0,0,0,0,0.09,0.0995792426367,275.65,1.2330058771,362.467097,0.00175989081396
1,2016/11/9 22:30,438.84,991.16,7.15,6.97,146.95,-2.74,620.21,292.7,82.36,991.46,990.85,1.31,9.12,5.11,0.7,9.14,4.98,0.7,162.33,129.9,5.45,-2.56,-2.82,0.08,1.0,0,1,1,0.0,0,0,0,0.18,0.0979020979021,270.41,1.27691934846,365.525875,0.00172548891442
1,2016/11/10 7:10,518.32,982.18,7.26,7.6,185.74,1.99,878.26,266.93,122.7,982.44,981.93,0.98,11.85,4.77,1.19,11.03,5.18,1.0,211.04,158.06,7.54,2.16,1.91,0.08,1.0,0,1,1,0.0,0,0,0,0.34,0.16391184573,275.14,1.24359739104,382.657176,0.00199892206848
1,2016/11/10 7:30,532.62,982.13,7.34,7.57,189.36,2.24,787.11,328.53,103.43,982.46,981.83,2.51,11.92,4.62,1.27,11.28,5.62,1.08,212.14,166.85,7.84,2.29,1.99,0.05,1.0,0,1,1,0.0,0,0,0,0.23,0.173024523161,275.39,1.24240519845,395.446904,0.00198954419457
1,2016/11/9 22:50,547.16,990.61,7.36,7.17,148.41,-2.3,736.82,415.6,78.08,990.88,990.4,2.09,9.12,5.9,0.6,8.82,5.77,0.59,162.89,134.94,4.78,-2.29,-2.59,0.09,1.0,0,1,1,0.0,0,0,0,0.19,0.0815217391304,270.85,1.27413755498,398.688256,0.00197675179277
1,2016/11/9 21:50,482.69,991.96,7.39,7.21,148.23,-2.56,561.75,388.57,38.0,992.23,991.62,0.0,8.23,6.05,0.36,7.95,6.07,0.34,158.65,136.2,3.06,-2.47,-2.75,0.05,1.0,0,1,1,0.0,0,0,0,0.18,0.0487144790257,270.59,1.27709988584,403.583419,0.00171869051573
1,2016/11/9 20:40,433.63,992.66,7.45,7.3,154.92,-2.74,471.54,394.22,19.08,992.89,992.43,0.0,8.13,6.69,0.25,7.9,6.52,0.23,162.21,147.24,2.29,-2.48,-2.82,0.08,1.0,0,1,1,0.0,0,0,0,0.15,0.0335570469799,270.41,1.27885181045,413.493625,0.00150493533671
1,2016/11/9 20:50,470.59,992.47,7.59,7.42,152.3,-2.82,502.98,431.31,17.39,992.69,992.25,2.04,8.28,6.55,0.26,8.0,6.27,0.26,158.53,143.16,2.09,-2.64,-2.99,0.08,1.0,0,1,1,0.0,0,0,0,0.17,0.034255599473,270.33,1.27898541599,437.245479,0.00154432724853
1,2016/11/9 22:40,637.11,990.78,7.64,7.44,147.58,-2.48,807.86,397.68,74.39,991.08,990.57,0.0,9.27,6.15,0.54,9.01,6.0,0.53,161.04,133.39,4.43,-2.4,-2.82,0.08,1.0,0,1,1,0.0,0,0,0,0.2,0.0706806282723,270.67,1.27520367938,445.943744,0.00205609108028
1,2016/11/9 21:20,533.41,992.23,7.65,7.48,152.48,-3.12,621.16,335.13,76.54,992.4,992.07,0.0,8.62,6.0,0.44,8.4,5.97,0.43,167.08,138.17,3.28,-2.64,-3.21,0.14,1.0,0,1,1,0.0,0,0,0,0.17,0.0575163398693,270.03,1.28009672398,447.697125,0.00170813275915
1,2016/11/10 1:10,590.02,987.99,7.69,7.48,143.63,-1.5,765.11,369.39,92.82,988.14,987.83,0.0,9.62,5.97,0.7,9.29,5.84,0.67,159.51,129.1,5.59,-1.5,-1.7,0.07,1.0,0,1,1,0.0,0,0,0,0.21,0.0910273081925,271.65,1.26702530386,454.756609,0.0018792734824
1,2016/11/9 22:20,536.37,991.28,7.7,7.49,144.22,-2.56,710.11,301.81,92.44,991.47,991.14,0.73,10.21,5.94,0.63,9.79,5.92,0.6,166.17,129.73,5.91,-2.47,-2.65,0.03,1.0,0,1,1,0.0,0,0,0,0.21,0.0818181818182,270.59,1.27622441916,456.533,0.00168947906097
1,2016/11/10 0:00,590.88,989.31,7.8,7.62,147.47,-1.91,787.43,387.62,85.1,989.53,989.05,0.92,9.42,6.1,0.61,9.04,5.87,0.59,162.54,132.26,5.13,-1.74,-2.11,0.07,1.0,0,1,1,0.0,0,0,0,0.18,0.0782051282051,271.24,1.27063587227,474.552,0.00179838193061
1,2016/11/10 0:20,626.79,988.95,7.87,7.66,146.56,-1.74,791.2,472.17,71.31,989.13,988.62,0.0,9.57,6.35,0.57,9.15,6.32,0.56,159.58,130.3,4.93,-1.74,-1.94,0.07,1.0,0,1,1,0.0,0,0,0,0.21,0.0724269377382,271.41,1.26937791645,487.443403,0.00185906460981
1,2016/11/10 0:10,633.08,989.19,7.94,7.72,147.34,-1.92,755.37,452.37,67.11,989.5,989.0,0.0,9.62,6.54,0.48,9.24,6.22,0.46,161.86,132.55,4.39,-1.74,-2.1,0.08,1.0,0,1,1,0.0,0,0,0,0.22,0.0604534005038,271.23,1.27052858987,500.566184,0.00182683870509
1,2016/11/9 23:00,662.43,990.37,7.99,7.78,146.66,-2.08,913.15,504.86,92.13,990.68,990.02,0.0,10.06,5.61,0.89,9.84,5.56,0.86,164.46,131.14,5.65,-2.08,-2.48,0.11,1.0,0,1,1,0.0,0,0,0,0.21,0.111389236546,271.07,1.27279502579,510.082399,0.00187252983173
1,2016/11/10 0:40,569.16,988.52,8.08,7.86,144.05,-1.67,875.75,397.37,105.32,988.72,988.28,1.08,9.81,5.56,0.91,9.44,5.47,0.88,164.36,124.27,5.37,-1.66,-1.83,0.04,1.0,0,1,1,0.0,0,0,0,0.22,0.112623762376,271.48,1.26849882355,527.514112,0.00156098158513
1,2016/11/10 0:30,653.85,988.71,8.12,7.92,143.4,-1.83,852.8,467.46,82.9,988.92,988.46,0.0,9.87,6.25,0.66,9.89,5.97,0.65,158.67,127.98,4.41,-1.67,-1.85,0.05,1.0,0,1,1,0.0,0,0,0,0.2,0.0812807881773,271.32,1.26949082698,535.387328,0.00176550126616
1,2016/11/9 22:10,639.87,991.44,8.13,7.91,143.27,-2.56,774.23,500.78,58.89,991.66,991.16,0.0,9.62,5.51,0.64,9.34,5.52,0.64,155.84,126.03,4.62,-2.48,-2.82,0.06,1.0,0,1,1,0.0,0,0,0,0.22,0.0787207872079,270.59,1.27643041132,537.367797,0.00171202668428
1,2016/11/10 8:20,910.23,981.56,8.15,8.23,195.9,2.28,1378.65,568.67,174.25,981.68,981.2,1.96,11.64,5.82,1.12,11.48,5.92,1.04,220.39,167.97,7.96,2.29,2.07,0.06,1.0,0,1,1,0.0,0,0,0,0.08,0.137423312883,275.43,1.24150381558,541.343375,0.00248552319568
1,2016/11/10 7:50,717.71,981.98,8.19,8.3,192.06,2.07,1287.5,401.45,175.46,982.08,981.76,1.79,11.0,4.82,1.13,10.78,5.89,0.97,214.55,168.0,8.04,2.16,1.97,0.06,1.0,0,1,1,0.0,0,0,0,0.11,0.137973137973,275.22,1.24298274797,549.353259,0.00192894458505
1,2016/11/9 23:40,668.47,989.6,8.2,7.99,144.2,-1.91,1036.05,371.59,144.24,989.73,989.38,0.0,10.16,6.18,0.76,9.84,6.07,0.73,164.11,123.06,5.81,-1.35,-2.09,0.15,1.0,0,1,1,0.0,0,0,0,0.21,0.0926829268293,271.24,1.27100833833,551.368,0.00175057017413
1,2016/11/9 23:50,745.09,989.41,8.22,8.02,147.8,-1.92,1021.28,451.43,104.69,989.73,989.03,0.57,10.44,5.8,0.76,10.33,5.72,0.75,164.34,130.48,5.11,-1.66,-2.1,0.07,1.0,0,1,1,0.0,0,0,0,0.2,0.0924574209246,271.23,1.27081116075,555.412248,0.00193731313002
1,2016/11/9 21:00,584.27,992.29,8.22,8.01,149.84,-2.64,651.02,498.26,41.78,992.51,992.03,0.0,8.87,7.34,0.26,8.58,7.16,0.25,156.23,139.04,2.94,-2.47,-2.9,0.09,1.0,0,1,1,0.0,0,0,0,0.21,0.0316301703163,270.51,1.27790255687,555.412248,0.00151073383504
1,2016/11/9 23:10,668.01,990.28,8.23,8.02,148.13,-2.13,913.78,486.94,105.04,990.48,990.01,0.65,9.77,6.6,0.6,9.6,6.33,0.59,162.96,130.91,4.95,-2.0,-2.22,0.05,1.0,0,1,1,0.0,0,0,0,0.21,0.0729040097205,271.02,1.27291415474,557.441767,0.00172771419912
1,2016/11/9 22:00,695.98,991.58,8.29,8.08,144.63,-2.64,864.43,519.01,76.78,991.84,991.33,0.0,9.67,6.79,0.53,9.47,6.56,0.52,155.06,131.3,3.6,-2.47,-2.75,0.08,1.0,0,1,1,0.0,0,0,0,0.21,0.0639324487334,270.51,1.27698819633,569.722789,0.00175563344353
1,2016/11/9 23:30,690.91,989.74,8.31,8.1,143.32,-1.9,856.26,557.98,74.6,989.91,989.48,0.0,9.87,6.82,0.53,9.44,6.66,0.51,156.63,130.3,4.38,-1.9,-2.11,0.06,1.0,0,1,1,0.0,0,0,0,0.21,0.0637785800241,271.25,1.27114128546,573.856191,0.00173824961921
1,2016/11/10 7:40,819.84,982.01,8.32,8.57,189.7,2.07,1494.0,364.68,225.53,982.08,981.75,2.45,11.8,5.41,1.07,11.92,6.17,0.91,214.69,168.32,6.57,2.24,1.98,0.05,1.0,0,1,1,0.0,0,0,0,0.25,0.128605769231,275.22,1.24302072174,575.930368,0.00210168834766
1,2016/11/10 4:20,942.39,983.89,8.34,8.75,161.46,0.11,1420.45,658.25,188.19,984.15,983.68,0.0,11.2,4.97,1.23,10.98,6.86,0.83,181.68,145.17,5.61,0.28,-0.06,0.07,1.0,0,1,1,0.0,0,0,0,0.41,0.147482014388,273.26,1.25433324014,580.093704,0.00237687939564
1,2016/11/10 1:20,714.67,987.74,8.35,8.14,145.23,-1.59,1007.45,474.37,110.23,988.11,987.42,2.14,10.51,6.35,0.91,10.28,6.02,0.9,158.58,130.69,5.02,-1.5,-1.7,0.06,1.0,0,1,1,0.0,0,0,0,0.21,0.108982035928,271.56,1.26712450638,582.182875,0.00177792892411
1,2016/11/10 8:10,843.45,981.67,8.36,8.53,193.16,2.15,1485.52,592.87,145.25,981.88,981.53,0.8,12.01,5.76,1.2,11.77,6.32,1.08,228.31,158.3,7.14,2.16,1.97,0.06,1.0,0,1,1,0.0,0,0,0,0.17,0.143540669856,275.3,1.24222926543,584.277056,0.00213268303323
1,2016/11/10 22:50,763.27,975.61,8.4,8.28,224.83,2.51,1169.32,491.35,168.86,975.85,975.38,0.0,10.46,6.59,0.77,10.23,6.35,0.77,238.19,205.91,4.89,2.68,2.5,0.05,1.0,0,1,1,0.0,0,0,0,0.12,0.0916666666667,275.66,1.23294851015,592.704,0.00191682716159
1,2016/11/10 15:20,851.03,976.75,8.42,8.28,200.36,5.04,1384.94,557.35,172.91,976.95,976.52,0.0,11.05,5.8,0.92,10.33,6.1,0.84,228.07,179.01,6.51,5.05,4.96,0.01,1.0,0,1,1,0.0,0,0,0,0.14,0.109263657957,278.19,1.22316305282,596.947688,0.00213900500754
1,2016/11/10 8:00,891.96,981.83,8.43,8.61,192.14,2.15,1389.02,594.13,172.37,982.08,981.57,0.46,11.2,5.89,1.09,11.46,6.11,0.97,212.61,164.18,6.26,2.16,1.97,0.05,1.0,0,1,1,0.0,0,0,0,0.18,0.129300118624,275.3,1.24243173335,599.077107,0.00219926559272
1,2016/11/9 21:10,629.03,992.18,8.44,8.24,147.6,-2.56,670.82,562.07,27.34,992.53,992.0,0.0,9.12,7.39,0.31,8.95,7.16,0.3,158.44,137.21,4.4,-2.47,-2.91,0.1,1.0,0,1,1,0.0,0,0,0,0.2,0.0367298578199,270.59,1.27738312505,601.211584,0.00150317797657
1,2016/11/9 23:20,730.25,989.98,8.45,8.23,144.19,-1.91,894.29,502.35,85.23,990.3,989.61,0.0,9.91,6.55,0.62,9.81,6.22,0.63,157.69,123.74,4.29,-1.82,-2.31,0.08,1.0,0,1,1,0.0,0,0,0,0.22,0.0733727810651,271.24,1.27149639732,603.351125,0.00174692341094
1,2016/11/10 4:10,811.41,984.16,8.5,8.47,158.86,-0.05,1070.94,581.24,102.54,984.38,983.86,0.0,10.24,5.31,0.81,10.09,6.81,0.63,175.12,139.43,4.66,0.04,-0.32,0.08,1.0,0,1,1,0.0,0,0,0,0.03,0.0952941176471,273.1,1.25541252827,614.125,0.00193145538338
1,2016/11/10 15:30,943.89,976.62,8.65,8.58,197.64,4.88,1494.63,489.77,233.33,976.8,976.31,1.96,11.62,5.46,1.4,11.23,5.61,1.22,222.8,176.83,5.99,5.04,4.88,0.04,1.0,0,1,1,0.0,0,0,0,0.07,0.161849710983,278.03,1.2237040657,647.214625,0.00218717845795
1,2016/11/10 21:00,726.02,975.75,8.68,8.48,205.68,3.13,1167.43,508.32,153.64,975.88,975.55,0.0,10.84,6.41,0.87,10.73,6.37,0.84,223.92,187.33,6.36,3.14,3.07,0.02,1.0,0,1,1,0.0,0,0,0,0.2,0.100230414747,276.28,1.23035818119,653.972032,0.00165594309191
1,2016/11/10 3:50,182.0,984.69,8.69,8.5,153.25,-0.31,1154.54,-41.1,388.5,985.01,984.37,0.0,11.2,6.65,0.8,10.93,6.42,0.78,167.74,137.54,5.09,-0.05,-0.31,0.07,0.3,0,1,0,0.5,0,0,0,0.19,0.0920598388953,272.84,1.25728558237,656.234909,0.000404823470176
1,2016/11/10 22:30,845.0,975.59,8.79,8.67,217.33,2.67,1480.49,559.24,224.69,975.83,975.37,0.0,11.61,6.38,1.02,11.42,6.12,1.01,248.9,197.89,6.06,2.76,2.65,0.03,1.0,0,1,1,0.0,0,0,0,0.12,0.116040955631,275.82,1.23220803017,679.151439,0.00185307761195
1,2016/11/10 20:40,892.29,975.78,8.85,8.71,212.49,3.14,1487.72,599.78,193.89,976.04,975.58,1.73,11.3,6.1,1.04,11.13,6.47,1.0,232.57,196.37,6.0,3.22,3.11,0.04,1.0,0,1,1,0.0,0,0,0,0.14,0.117514124294,276.29,1.2303514765,693.154125,0.00192014744649
1,2016/11/10 1:50,669.16,987.17,8.87,8.65,143.85,-1.24,1033.54,-40.16,315.75,987.34,986.92,0.0,10.6,6.5,0.73,10.38,6.52,0.72,157.33,122.31,5.08,-1.2,-1.44,0.06,0.8,0,1,0,0.4,0,0,0,0.22,0.0822998872604,271.91,1.26476319104,697.864103,0.00139135340593
1,2016/11/10 15:40,1028.15,976.57,8.88,8.83,197.49,4.87,1484.57,679.62,173.96,976.78,976.34,1.53,11.7,6.25,1.09,11.31,6.56,0.93,219.99,176.81,5.95,4.96,4.85,0.04,1.0,0,1,1,0.0,0,0,0,0.05,0.122747747748,278.02,1.22368542845,700.227072,0.00220209146738
1,2016/11/10 1:40,331.25,987.35,8.88,8.67,143.65,-1.33,1042.34,-39.53,434.18,987.53,987.06,0.0,10.38,6.99,0.58,10.21,6.76,0.56,163.31,127.32,4.49,-1.32,-1.68,0.08,0.5,0,1,0,0.5,0,0,0,0.21,0.0653153153153,271.82,1.26541264852,700.227072,0.000686076238974
1,2016/11/10 8:30,809.39,981.48,8.89,8.83,197.97,2.44,1492.75,424.71,236.82,981.7,981.22,0.0,12.69,5.21,1.28,12.42,6.22,1.11,217.62,174.44,7.28,2.53,2.26,0.05,1.0,0,1,1,0.0,0,0,0,0.06,0.14398200225,275.59,1.24068190506,702.595369,0.00170403952272
1,2016/11/10 8:40,941.89,981.35,8.89,8.77,200.2,2.61,1488.35,507.06,240.24,981.5,981.05,0.0,12.4,6.4,1.14,11.6,6.17,1.03,236.55,177.39,7.62,2.7,2.44,0.05,1.0,0,1,1,0.0,0,0,0,0.12,0.128233970754,275.76,1.23975282107,702.595369,0.0019844828865
1,2016/11/10 20:50,913.82,975.79,8.92,8.78,210.25,3.14,1396.57,528.12,190.49,975.88,975.58,0.0,11.35,6.59,0.95,11.16,6.42,0.93,227.2,193.96,4.72,3.23,3.11,0.03,1.0,0,1,1,0.0,0,0,0,0.14,0.106502242152,276.29,1.2303640854,709.732288,0.00192052520121
1,2016/11/10 4:00,917.37,984.42,8.94,8.75,154.66,-0.22,1182.83,720.48,105.85,984.6,984.12,2.31,11.15,6.65,0.74,11.0,6.66,0.73,169.73,138.92,4.9,-0.04,-0.36,0.09,1.0,0,1,1,0.0,0,0,0,0.19,0.082774049217,272.93,1.25652635483,714.516984,0.0018752014723
1,2016/11/10 22:20,894.98,975.6,8.99,8.85,216.92,2.76,1485.52,406.48,216.65,975.66,975.37,0.0,11.5,6.2,1.01,11.2,6.02,0.98,234.16,190.84,5.96,2.76,2.74,0.0,1.0,0,1,1,0.0,0,0,0,0.14,0.11234705228,275.91,1.23181871841,726.572699,0.00183516456968
1,2016/11/10 22:40,913.44,975.59,9.08,8.99,219.5,2.67,1352.25,645.36,156.43,975.65,975.33,0.0,11.3,6.79,0.83,10.93,6.78,0.82,238.43,204.29,5.5,2.76,2.65,0.01,1.0,0,1,1,0.0,0,0,0,0.09,0.09140969163,275.82,1.23220803017,748.613312,0.00181729740111
1,2016/11/10 20:10,939.07,975.96,9.09,8.97,214.36,3.21,1488.66,523.41,260.43,976.24,975.76,2.4,12.24,6.5,1.22,12.02,6.45,1.22,235.71,194.21,6.62,3.3,3.19,0.04,1.0,0,1,1,0.0,0,0,0,0.12,0.134213421342,276.36,1.23026674007,751.089429,0.00186506767014
1,2016/11/10 22:00,952.09,975.63,9.11,8.98,215.94,2.76,1477.97,647.24,167.25,975.85,975.55,0.0,11.8,6.36,0.95,11.77,6.35,0.94,232.24,193.25,5.89,2.84,2.74,0.04,1.0,0,1,1,0.0,0,0,0,0.13,0.104281009879,275.91,1.23185659721,756.058031,0.00187607535843
1,2016/11/10 1:30,307.66,987.45,9.21,8.98,144.22,-1.5,1206.09,-38.27,467.53,987.71,987.25,0.0,10.8,7.24,0.61,10.48,7.01,0.6,156.61,129.62,4.44,-1.5,-1.7,0.06,0.3,0,1,0,0.5,0,0,0,0.23,0.0662323561346,271.65,1.26633279314,781.229961,0.000570731511481
1,2016/11/10 15:50,1024.07,976.52,9.24,9.08,198.59,4.83,1488.35,683.71,190.67,976.77,976.29,2.14,12.64,6.74,1.19,12.04,7.01,1.06,217.69,177.93,6.38,4.88,4.74,0.03,1.0,0,1,1,0.0,0,0,0,0.16,0.128787878788,277.98,1.22379884974,788.889024,0.00194666512983
1,2016/11/10 22:10,951.76,975.62,9.27,9.11,217.36,2.75,1485.52,531.58,232.88,975.66,975.43,0.0,12.87,6.14,1.2,12.22,6.17,1.15,245.11,199.39,6.04,2.84,2.74,0.0,1.0,0,1,1,0.0,0,0,0,0.16,0.129449838188,275.9,1.23188861915,796.597983,0.00177993590301
1,2016/11/10 20:30,1003.24,975.85,9.37,9.22,214.39,3.21,1487.09,587.53,232.58,976.06,975.58,1.46,13.3,6.64,0.99,13.16,6.76,0.96,243.75,198.2,5.81,3.31,3.11,0.02,1.0,0,1,1,0.0,0,0,0,0.15,0.105656350053,276.36,1.23012807728,822.656953,0.00181937949487
1,2016/11/10 20:20,1055.56,975.97,9.37,9.24,213.57,3.22,1494.63,566.47,232.46,976.26,975.63,1.99,12.11,6.88,1.14,11.92,6.91,1.11,235.94,190.07,5.77,3.31,3.11,0.02,1.0,0,1,1,0.0,0,0,0,0.13,0.12166488794,276.37,1.23023483012,822.656953,0.00191409590183
1,2016/11/10 21:50,1022.93,975.65,9.41,9.27,216.79,2.84,1434.28,585.01,185.46,975.85,975.43,0.0,12.18,6.79,1.06,11.92,6.81,1.02,242.81,196.63,6.04,2.84,2.74,0.04,1.0,0,1,1,0.0,0,0,0,0.14,0.112646121148,275.99,1.23152476961,833.237621,0.00182945383236
1,2016/11/10 16:00,1099.66,976.44,9.49,9.31,200.39,4.88,1494.95,608.9,216.15,976.59,976.24,2.57,12.14,7.04,0.99,11.27,7.1,0.93,222.89,178.61,6.4,4.88,4.82,0.02,1.0,0,1,1,0.0,0,0,0,0.18,0.104320337197,278.03,1.22347852585,854.670349,0.00192997196144
1,2016/11/10 9:00,1071.13,981.35,9.53,9.36,204.43,2.86,1484.26,497.0,233.82,981.53,981.05,0.0,13.38,6.55,1.21,12.72,6.47,1.1,225.66,183.86,7.19,2.86,2.69,0.02,1.0,0,1,1,0.0,0,0,0,0.17,0.126967471144,276.01,1.23862989724,865.523177,0.00183362061424
1,2016/11/10 15:10,1114.24,976.77,9.53,9.35,202.27,5.04,1501.86,616.44,228.21,976.98,976.52,0.0,12.64,6.2,1.26,11.97,6.27,1.16,222.87,177.44,6.76,5.12,4.95,0.02,1.0,0,1,1,0.0,0,0,0,0.18,0.13221406086,278.19,1.22318809839,865.523177,0.00193149841712
1,2016/11/10 14:50,1137.54,976.93,9.67,9.49,206.75,4.87,1499.03,560.18,267.55,977.18,976.7,1.96,11.95,6.89,1.01,11.57,6.81,0.97,231.35,185.69,5.19,4.95,4.8,0.03,1.0,0,1,1,0.0,0,0,0,0.18,0.104446742503,278.02,1.22413652438,904.231063,0.001886014202
1,2016/11/10 9:30,1181.98,981.11,9.73,9.57,208.32,3.16,1498.09,590.98,255.72,981.33,980.82,0.0,12.84,7.14,1.21,11.99,6.89,1.16,229.71,176.22,6.73,3.16,3.09,0.02,1.0,0,1,1,0.0,0,0,0,0.16,0.124357656732,276.31,1.23698247914,921.167317,0.00190368732839
1,2016/11/10 15:00,1029.3,976.87,9.73,9.49,204.61,4.96,1495.89,676.79,166.49,977.0,976.69,0.65,12.59,7.73,0.91,11.82,7.61,0.84,221.44,182.9,5.3,5.04,4.85,0.04,1.0,0,1,1,0.0,0,0,0,0.24,0.0935251798561,278.11,1.22366521962,921.167317,0.00167582396178
1,2016/11/10 8:50,1146.63,981.29,9.75,9.55,204.76,2.78,1485.2,649.13,247.31,981.52,981.02,0.0,13.55,6.9,1.26,12.62,6.69,1.15,222.61,184.68,6.94,2.79,2.53,0.04,1.0,0,1,1,0.0,0,0,0,0.2,0.129230769231,275.93,1.23891325936,926.859375,0.00183255117912
1,2016/11/10 20:00,1131.12,976.0,9.83,9.7,216.49,3.2,1496.83,708.54,236.61,976.26,975.78,2.17,13.97,7.64,1.13,13.36,7.65,1.1,240.54,195.41,6.54,3.31,3.19,0.02,1.0,0,1,1,0.0,0,0,0,0.13,0.11495422177,276.35,1.23036168316,949.862087,0.00177624509051
1,2016/11/10 19:20,1231.8,975.9,9.84,9.73,212.74,3.3,1498.09,829.23,186.75,976.06,975.65,1.35,13.06,7.54,1.06,12.75,7.41,1.02,229.41,196.23,5.81,3.31,3.28,0.01,1.0,0,1,1,0.0,0,0,0,0.11,0.107723577236,276.45,1.22979060953,952.763904,0.00192935121136
1,2016/11/10 21:10,1228.89,975.73,9.89,9.69,207.91,2.92,1500.29,710.74,237.81,975.88,975.55,0.0,12.98,6.64,1.22,12.58,6.52,1.17,231.94,183.32,6.42,3.13,2.92,0.05,1.0,0,1,1,0.0,0,0,0,0.2,0.123356926188,276.07,1.23126884802,967.361669,0.00189347163629
1,2016/11/10 19:30,1244.04,975.85,9.97,9.84,214.31,3.29,1507.2,807.86,205.37,976.08,975.6,0.57,12.83,6.99,1.14,12.48,7.16,1.1,235.31,190.82,6.33,3.39,3.28,0.02,1.0,0,1,1,0.0,0,0,0,0.13,0.114343029087,276.44,1.22977208594,991.026973,0.00187331926259
1,2016/11/10 19:40,1257.99,975.84,10.01,9.87,215.57,3.39,1499.03,801.26,244.33,976.08,975.6,0.0,13.03,6.54,1.34,12.94,6.66,1.27,237.56,193.44,6.56,3.4,3.28,0.04,1.0,0,1,1,0.0,0,0,0,0.14,0.133866133866,276.54,1.2293147889,1003.003001,0.00187240335324
1,2016/11/10 19:50,1254.19,975.97,10.08,9.92,218.42,3.3,1496.83,769.2,208.15,976.08,975.61,2.53,12.69,6.69,1.08,12.52,6.61,1.03,233.18,195.29,5.65,3.4,3.28,0.04,1.0,0,1,1,0.0,0,0,0,0.16,0.107142857143,276.45,1.22987882076,1024.192512,0.00182728788457
1,2016/11/10 9:40,1167.45,980.97,10.1,9.85,206.64,3.32,1499.35,662.96,236.0,981.14,980.64,0.0,13.94,7.04,1.25,13.2,6.96,1.14,228.61,185.01,6.09,3.32,3.14,0.05,1.0,0,1,1,0.0,0,0,0,0.25,0.123762376238,276.47,1.2360901972,1030.301,0.00168233145846
1,2016/11/10 16:20,1230.5,976.33,10.12,9.91,204.94,4.96,1500.92,780.51,222.55,976.55,976.08,2.36,14.22,5.95,1.4,13.45,6.17,1.29,222.33,186.6,6.11,5.05,4.85,0.04,1.0,0,1,1,0.0,0,0,0,0.21,0.138339920949,278.11,1.22298879469,1036.433728,0.0017815793192
1,2016/11/10 9:50,1315.98,980.85,10.15,9.94,206.54,3.49,1497.46,937.67,149.11,980.96,980.66,0.0,13.04,7.23,1.2,12.72,7.16,1.09,226.57,181.05,6.64,3.5,3.24,0.06,1.0,0,1,1,0.0,0,0,0,0.21,0.118226600985,276.64,1.23517948328,1045.678375,0.00186985811337
1,2016/11/10 19:10,1286.84,976.02,10.2,10.05,214.64,3.29,1494.95,786.17,194.92,976.47,975.76,1.73,12.69,7.33,1.01,12.57,7.31,0.97,231.82,195.08,5.51,3.31,3.21,0.01,1.0,0,1,1,0.0,0,0,0,0.15,0.0990196078431,276.44,1.22998632097,1061.208,0.00180930305
1,2016/11/10 14:40,1251.67,976.99,10.25,10.07,207.93,4.83,1500.92,594.13,210.29,977.21,976.74,1.73,13.34,7.44,0.99,12.57,7.31,0.9,222.66,188.1,5.09,4.87,4.8,0.02,1.0,0,1,1,0.0,0,0,0,0.18,0.0965853658537,277.98,1.22438786528,1076.890625,0.00174215499495
1,2016/11/10 14:30,1239.46,977.1,10.25,10.09,208.58,4.83,1500.92,778.0,193.05,977.41,976.88,1.31,12.84,6.99,0.97,12.89,7.03,0.89,231.8,185.29,6.53,4.88,4.8,0.02,1.0,0,1,1,0.0,0,0,0,0.16,0.0946341463415,277.98,1.22452571998,1076.890625,0.00172496611466
1,2016/11/10 16:10,1276.4,976.35,10.27,10.08,202.14,4.88,1506.26,782.71,215.61,976.55,976.08,2.33,15.56,6.45,1.52,14.72,6.98,1.31,225.17,181.52,7.05,5.04,4.83,0.04,1.0,0,1,1,0.0,0,0,0,0.19,0.148003894839,278.03,1.22336575592,1083.206683,0.0017676924425
1,2016/11/10 17:40,1349.02,976.23,10.28,10.08,206.12,4.08,1503.12,991.1,146.66,976.5,976.01,2.07,13.93,7.39,1.11,13.27,7.66,1.04,223.06,187.72,5.92,4.17,3.98,0.04,1.0,0,1,1,0.0,0,0,0,0.2,0.107976653696,277.23,1.22674521716,1086.373952,0.00185768567044
1,2016/11/10 21:40,1309.91,975.66,10.32,10.18,216.31,2.76,1502.17,769.2,200.27,975.86,975.4,0.0,13.36,7.29,1.16,13.16,7.21,1.13,240.49,195.27,5.54,2.84,2.74,0.03,1.0,0,1,1,0.0,0,0,0,0.14,0.112403100775,275.91,1.23189447601,1099.104768,0.00177548259004
1,2016/11/10 18:50,1317.16,976.38,10.35,10.21,216.03,3.3,1498.09,836.77,181.54,976.49,976.01,1.85,13.53,7.88,1.12,13.02,7.71,1.05,237.94,199.91,5.74,3.3,3.19,0.04,1.0,0,1,1,0.0,0,0,0,0.14,0.108212560386,276.45,1.23039548656,1108.717875,0.00177198611634
1,2016/11/10 10:10,1307.69,980.73,10.4,10.21,211.71,4.02,1503.75,739.34,215.29,980.97,980.49,1.6,13.19,7.11,1.24,12.91,6.96,1.18,228.19,192.64,6.67,4.03,3.73,0.09,1.0,0,1,1,0.0,0,0,0,0.19,0.119230769231,277.17,1.23266676658,1124.864,0.00173079908765
1,2016/11/10 14:20,1309.62,977.18,10.44,10.27,211.49,4.87,1504.37,625.56,241.01,977.41,976.93,0.0,13.58,6.5,1.36,13.31,6.32,1.26,231.42,187.7,6.41,4.96,4.85,0.04,1.0,0,1,1,0.0,0,0,0,0.17,0.130268199234,278.02,1.22444978545,1137.893184,0.00172500510037
1,2016/11/10 9:20,1298.61,981.14,10.46,10.23,207.13,3.11,1492.43,769.83,209.36,981.33,980.87,0.0,13.98,7.39,1.19,13.22,7.36,1.06,228.56,187.19,5.75,3.12,2.95,0.05,1.0,0,1,1,0.0,0,0,0,0.23,0.113766730402,276.26,1.23724419008,1144.445336,0.00168312288988
1,2016/11/10 9:10,1219.64,981.27,10.49,10.23,206.38,2.95,1493.69,702.88,239.15,981.53,981.04,0.0,13.78,7.98,1.15,13.46,7.71,1.09,228.59,188.36,5.99,3.04,2.78,0.05,1.0,0,1,1,0.0,0,0,0,0.26,0.10962821735,276.1,1.23812520184,1154.320649,0.00156613137896
1,2016/11/10 17:30,1316.68,976.28,10.5,10.24,205.02,4.06,1501.23,757.88,206.48,976.54,976.03,1.85,14.66,6.74,1.35,14.3,7.11,1.23,219.75,185.22,6.02,4.16,4.06,0.02,1.0,0,1,1,0.0,0,0,0,0.26,0.128571428571,277.21,1.22689655901,1157.625,0.00170134329274
1,2016/11/10 10:30,1352.39,980.45,10.67,10.49,211.91,4.02,1497.77,888.64,172.3,980.61,980.13,1.39,14.52,6.84,1.46,14.55,6.76,1.41,232.08,189.5,6.58,4.11,3.96,0.05,1.0,0,1,1,0.0,0,0,0,0.18,0.136832239925,277.17,1.23231483822,1214.767763,0.00165796200916
1,2016/11/10 10:00,1299.99,980.84,10.67,10.47,208.69,3.73,1509.09,751.6,216.27,981.15,980.53,0.0,14.67,7.14,1.43,14.4,6.81,1.36,230.23,187.91,6.52,3.73,3.48,0.09,1.0,0,1,1,0.0,0,0,0,0.2,0.134020618557,276.88,1.23409624582,1214.767763,0.00159142172425
1,2016/11/10 19:00,1366.73,976.26,10.74,10.56,214.14,3.28,1500.29,975.7,137.08,976.47,976.03,2.01,13.93,8.38,1.03,13.56,8.15,0.98,235.64,197.14,5.45,3.31,3.21,0.03,1.0,0,1,1,0.0,0,0,0,0.18,0.0959031657356,276.43,1.23033327676,1238.833224,0.00164563938557
1,2016/11/10 21:20,1398.22,975.74,10.78,10.54,213.13,2.84,1498.4,1028.82,123.94,975.88,975.55,0.0,13.1,8.03,1.12,12.71,7.71,1.01,233.46,192.29,5.41,3.0,2.82,0.03,1.0,0,1,1,0.0,0,0,0,0.24,0.103896103896,275.99,1.23163837308,1252.726552,0.00166311996136
1,2016/11/10 21:30,1400.33,975.7,10.8,10.58,214.32,2.83,1497.46,1005.87,129.36,975.86,975.53,0.0,13.08,7.98,0.99,12.81,7.9,0.89,237.65,195.34,5.51,2.93,2.73,0.03,1.0,0,1,1,0.0,0,0,0,0.22,0.0916666666667,275.98,1.23163250863,1259.712,0.00165640122579
1,2016/11/10 18:40,1426.71,976.4,10.81,10.67,216.36,3.29,1499.97,1014.05,112.42,976.49,976.06,1.7,13.48,8.28,1.08,13.26,8.1,1.01,233.95,198.34,5.88,3.39,3.27,0.04,1.0,0,1,1,0.0,0,0,0,0.14,0.099907493062,276.44,1.23046519927,1263.214441,0.00168452262459
1,2016/11/10 17:20,1425.92,976.3,10.93,10.69,209.01,4.09,1501.86,1038.56,106.23,976.55,976.06,1.93,13.92,7.97,1.21,13.71,7.71,1.13,228.59,189.22,5.66,4.34,4.06,0.08,1.0,0,1,1,0.0,0,0,0,0.24,0.110704483074,277.24,1.22678892855,1305.751357,0.00163362505967
1,2016/11/10 11:20,1325.05,979.62,10.97,10.76,209.47,4.52,1500.29,709.48,194.48,979.8,979.31,0.98,13.78,7.73,1.13,13.41,7.61,1.06,231.73,189.13,6.17,4.52,4.33,0.06,1.0,0,1,1,0.0,0,0,0,0.21,0.103008204193,277.67,1.22905447286,1320.139673,0.00149874867508
1,2016/11/10 11:30,1337.31,979.36,10.99,10.74,208.05,4.68,1500.29,780.83,210.15,979.6,978.96,0.0,15.19,7.59,1.5,14.18,7.47,1.41,230.23,186.27,5.91,4.69,4.51,0.04,1.0,0,1,1,0.0,0,0,0,0.25,0.136487716106,277.83,1.22802065624,1327.373299,0.00150563916424
1,2016/11/10 18:30,1421.24,976.37,11.0,10.8,215.19,3.37,1497.15,924.47,128.82,976.49,976.19,1.67,14.67,7.44,1.46,14.18,7.59,1.39,233.88,194.54,6.37,3.56,3.28,0.06,1.0,0,1,1,0.0,0,0,0,0.2,0.132727272727,276.52,1.23007141815,1331.0,0.00159311306494
1,2016/11/10 13:50,1420.62,977.37,11.05,10.85,213.41,4.96,1505.0,949.3,135.31,977.61,977.13,0.0,14.53,7.44,1.49,14.22,7.61,1.38,234.47,193.77,6.62,4.96,4.83,0.04,1.0,0,1,1,0.0,0,0,0,0.2,0.134841628959,278.11,1.22429153899,1349.232625,0.00157831543063
1,2016/11/10 11:00,1387.09,980.09,11.14,10.87,209.49,4.35,1501.23,950.87,142.41,980.38,979.74,1.7,14.31,7.74,1.21,13.83,7.56,1.12,231.42,192.11,6.5,4.36,4.26,0.02,1.0,0,1,1,0.0,0,0,0,0.27,0.108617594255,277.5,1.23039744151,1382.469544,0.00149654992324
1,2016/11/10 12:20,1415.14,978.69,11.17,10.94,210.15,4.83,1503.12,828.92,143.28,978.83,978.35,1.85,14.32,8.08,1.36,14.15,8.0,1.24,230.58,187.4,6.98,4.97,4.73,0.05,1.0,0,1,1,0.0,0,0,0,0.23,0.12175470009,277.98,1.22651834704,1393.668613,0.00151933449625
1,2016/11/10 16:50,1450.75,976.19,11.17,10.88,204.73,4.96,1510.03,1085.08,91.99,976.36,975.89,2.14,15.69,8.03,1.27,15.58,8.45,1.18,225.75,174.18,6.77,4.97,4.86,0.02,1.0,0,1,1,0.0,0,0,0,0.29,0.11369740376,278.11,1.22281342526,1393.668613,0.00156228557139
1,2016/11/10 10:50,1416.34,980.28,11.2,10.94,211.01,4.35,1496.2,1010.59,119.22,980.59,980.08,1.76,14.82,8.13,1.21,14.4,8.15,1.12,229.55,189.32,6.7,4.36,4.1,0.05,1.0,0,1,1,0.0,0,0,0,0.26,0.108035714286,277.5,1.23063596605,1404.928,0.00150338914187
1,2016/11/10 14:10,1433.49,976.56,11.33,11.11,214.06,4.96,1507.2,1061.19,112.48,977.41,592.32,15.69,14.92,8.03,1.38,14.93,8.05,1.3,236.01,194.5,6.06,5.04,4.85,0.02,1.0,0,1,1,0.0,0,0,0,0.22,0.121800529568,278.11,1.2232769016,1454.419637,0.00147865795104
1,2016/11/10 10:40,1426.86,980.33,11.35,11.12,211.86,4.19,1507.52,948.98,121.43,980.58,980.07,0.65,15.14,7.24,1.33,14.72,7.36,1.26,230.3,186.95,6.12,4.19,3.97,0.05,1.0,0,1,1,0.0,0,0,0,0.23,0.11718061674,277.34,1.2314087371,1462.135375,0.00145438406707
1,2016/11/10 12:00,1350.55,978.95,11.35,11.1,210.54,4.89,1500.29,801.57,191.83,979.22,978.61,0.86,14.6,7.54,1.42,14.48,7.61,1.33,230.58,188.24,6.02,4.89,4.67,0.05,1.0,0,1,1,0.0,0,0,0,0.25,0.125110132159,278.04,1.226579437,1462.135375,0.00138202202105
1,2016/11/10 17:50,1408.32,976.13,11.38,11.07,207.02,4.09,1500.92,1075.97,120.19,976.32,975.89,2.92,15.11,7.24,1.28,14.26,7.55,1.16,227.95,189.48,5.85,4.09,3.95,0.04,1.0,0,1,1,0.0,0,0,0,0.31,0.112478031634,277.24,1.22657531171,1473.760072,0.00142977566751
1,2016/11/10 16:30,1421.81,976.27,11.42,11.15,206.07,4.86,1505.63,1009.33,122.89,976.55,976.04,2.26,15.43,7.88,1.46,15.42,7.75,1.36,226.57,185.19,7.12,5.05,4.85,0.04,1.0,0,1,1,0.0,0,0,0,0.27,0.127845884413,278.01,1.22335351753,1489.355288,0.00143211811357
1,2016/11/10 11:40,1386.27,979.11,11.45,11.11,205.51,4.67,1495.57,931.38,161.58,979.39,978.9,0.0,14.93,8.33,1.02,14.06,8.1,0.9,225.54,187.04,6.11,4.77,4.66,0.04,1.0,0,1,1,0.0,0,0,0,0.34,0.0890829694323,277.82,1.22775137169,1501.123625,0.001380411272
1,2016/11/10 12:40,1392.81,978.23,11.51,11.29,211.98,4.88,1507.83,862.86,157.82,978.43,977.94,1.27,15.02,7.11,1.49,14.66,7.41,1.42,227.88,189.22,6.22,5.05,4.83,0.06,1.0,0,1,1,0.0,0,0,0,0.22,0.12945264987,278.03,1.22572139439,1524.845951,0.00136760820882
1,2016/11/10 11:10,1450.46,979.82,11.52,11.17,207.51,4.35,1497.15,912.21,105.69,980.18,979.49,0.0,15.57,8.53,1.26,14.98,8.35,1.13,233.98,182.59,6.24,4.44,4.27,0.03,1.0,0,1,1,0.0,0,0,0,0.35,0.109375,277.5,1.23005848559,1528.823808,0.00141550079659
1,2016/11/10 17:00,1423.01,976.16,11.58,11.27,206.86,4.82,1509.4,943.96,125.51,976.37,976.04,2.22,15.51,8.22,1.4,15.35,8.15,1.32,226.01,187.72,5.82,5.05,4.81,0.04,1.0,0,1,1,0.0,0,0,0,0.31,0.120898100173,277.97,1.22339169896,1552.836312,0.00137468851597
1,2016/11/10 12:10,1447.29,978.76,11.6,11.33,210.38,4.75,1512.23,1125.0,85.26,979.01,978.52,2.75,14.28,7.44,1.04,13.71,7.16,1.0,228.12,187.35,6.43,4.89,4.73,0.05,1.0,0,1,1,0.0,0,0,0,0.27,0.0896551724138,277.9,1.22695917994,1560.896,0.00138688049249
1,2016/11/10 13:00,1441.3,977.9,11.61,11.37,211.2,5.05,1508.77,939.87,107.98,978.22,977.61,0.0,15.71,7.19,1.6,14.99,7.29,1.54,235.66,185.94,6.83,5.05,4.86,0.05,1.0,0,1,1,0.0,0,0,0,0.24,0.137812230835,278.2,1.22455915432,1564.936281,0.00138027467044
1,2016/11/10 13:30,1421.37,977.58,11.64,11.42,212.37,4.87,1510.66,818.23,147.12,977.81,977.33,0.0,15.61,7.59,1.51,15.5,7.62,1.45,230.84,191.5,6.39,4.88,4.75,0.03,1.0,0,1,1,0.0,0,0,0,0.22,0.129725085911,278.02,1.22495100315,1577.098944,0.00135025889306
1,2016/11/10 16:40,1477.41,976.23,11.65,11.31,205.99,4.88,1499.03,1221.81,37.09,976.5,976.06,2.22,15.26,7.63,1.25,15.59,8.15,1.13,224.67,187.68,6.19,4.97,4.85,0.01,1.0,0,1,1,0.0,0,0,0,0.34,0.107296137339,278.03,1.22321539602,1581.167125,0.00140187044437
1,2016/11/10 18:10,1464.2,976.24,11.8,11.57,212.16,3.79,1506.89,1155.49,64.03,976.49,975.99,2.29,15.68,8.38,1.36,15.69,8.35,1.36,237.28,193.07,6.12,3.97,3.78,0.06,1.0,0,1,1,0.0,0,0,0,0.23,0.115254237288,276.94,1.22804239282,1643.032,0.00133176801893
1,2016/11/10 18:00,1471.97,976.17,11.84,11.54,209.68,3.95,1504.69,1224.64,42.95,976.49,975.81,2.29,16.01,8.43,1.32,15.84,8.3,1.27,227.93,192.15,6.33,4.09,3.94,0.05,1.0,0,1,1,0.0,0,0,0,0.3,0.111486486486,277.1,1.22724530593,1659.797504,0.00132617254318
1,2016/11/10 11:50,1399.09,978.96,11.84,11.58,206.58,4.68,1505.63,860.03,162.6,979.21,978.7,1.99,16.19,7.14,1.61,15.59,7.24,1.54,221.91,185.08,6.06,4.89,4.58,0.06,1.0,0,1,1,0.0,0,0,0,0.26,0.13597972973,277.83,1.22751909577,1659.797504,0.00126023010065
1,2016/11/10 12:30,1463.35,978.46,11.89,11.62,210.69,4.88,1504.06,1224.64,61.2,978.63,978.15,2.53,15.89,8.58,1.42,14.7,8.2,1.36,229.31,192.22,5.79,4.96,4.73,0.05,1.0,0,1,1,0.0,0,0,0,0.27,0.119428090833,278.03,1.2260095842,1680.914269,0.00130315580489
1,2016/11/10 10:20,1390.57,980.56,11.98,11.73,213.12,3.98,1494.95,673.02,186.4,980.91,980.28,2.53,15.41,7.74,1.57,15.35,7.66,1.49,228.19,192.95,5.27,4.11,3.89,0.02,1.0,0,1,1,0.0,0,0,0,0.25,0.131051752922,277.13,1.23263098387,1719.374392,0.00120413971785
1,2016/11/10 12:50,1469.54,978.01,12.06,11.76,210.68,4.88,1499.97,1080.37,62.24,978.24,977.72,0.0,15.32,8.13,1.43,14.58,8.05,1.3,237.19,188.22,6.58,4.97,4.83,0.02,1.0,0,1,1,0.0,0,0,0,0.3,0.118573797678,278.03,1.22544573457,1754.049816,0.00125467996755
1,2016/11/10 13:40,1467.5,977.5,12.42,12.2,213.11,4.87,1506.89,1144.17,62.84,977.79,977.15,0.0,15.27,7.83,1.57,15.39,7.9,1.54,234.75,194.35,5.65,4.88,4.75,0.02,1.0,0,1,1,0.0,0,0,0,0.22,0.126409017713,278.02,1.22485075961,1915.864488,0.00114767178983
1,2016/11/10 18:20,1483.91,976.26,12.48,12.19,212.62,3.55,1503.75,1375.82,10.92,976.5,976.01,2.12,16.11,8.82,1.37,16.01,8.7,1.35,231.47,193.98,5.64,3.79,3.53,0.06,1.0,0,1,1,0.0,0,0,0,0.29,0.109775641026,276.7,1.22913273471,1943.764992,0.00113986280009
1,2016/11/10 13:10,1464.36,977.78,12.71,12.43,211.4,4.87,1504.69,875.75,97.31,978.02,977.54,0.0,15.88,8.18,1.39,15.77,7.9,1.36,229.64,193.3,5.71,5.05,4.85,0.07,1.0,0,1,1,0.0,0,0,0,0.28,0.10936270653,278.02,1.225201612,2053.225511,0.00106829502583
1,2016/11/10 14:00,1483.81,977.2,12.8,12.61,214.24,4.96,1504.37,1267.07,19.3,977.43,976.95,0.0,16.18,9.27,1.35,16.34,9.19,1.36,229.08,199.72,5.57,5.04,4.85,0.03,1.0,0,1,1,0.0,0,0,0,0.19,0.10546875,278.11,1.22407859041,2097.152,0.00106078322384
1,2016/11/10 17:10,1483.49,976.22,12.87,12.57,207.72,4.33,1507.2,1286.56,17.11,976.5,975.89,2.24,17.89,8.67,1.66,17.6,8.96,1.59,228.63,187.44,6.75,4.84,4.33,0.15,1.0,0,1,1,0.0,0,0,0,0.3,0.128982128982,277.48,1.22562740681,2131.746903,0.00104202485637
1,2016/11/10 13:20,1472.78,977.69,13.14,12.86,212.3,4.87,1511.29,1064.97,62.29,978.02,977.35,1.08,17.35,8.46,1.37,16.8,8.6,1.38,228.98,189.08,5.35,4.88,4.83,0.02,1.0,0,1,1,0.0,0,0,0,0.28,0.104261796043,278.02,1.22508883802,2268.747144,0.000972460028673
