user_id,item_id,brows_count,collect_count,add_count,buy_count,cartbuytoday,target
1096774.0,57739007.0,4.0,0.0,1.0,0.0,0.0,1.0
1694224.0,340480775.0,3.0,0.0,0.0,0.0,0.0,1.0
2630830.0,202530287.0,2.0,0.0,1.0,0.0,0.0,1.0
3376717.0,288552625.0,4.0,0.0,1.0,0.0,0.0,1.0
3687502.0,121555932.0,3.0,0.0,0.0,0.0,0.0,1.0
4041047.0,98723312.0,9.0,0.0,1.0,0.0,0.0,1.0
4041047.0,218700963.0,4.0,0.0,0.0,0.0,0.0,1.0
4564376.0,132929824.0,3.0,0.0,0.0,0.0,0.0,1.0
4564376.0,389342445.0,2.0,0.0,0.0,0.0,0.0,1.0
5352155.0,335956990.0,7.0,1.0,0.0,0.0,0.0,1.0
10874175.0,129098469.0,1.0,1.0,0.0,0.0,0.0,1.0
13698828.0,236600747.0,12.0,1.0,0.0,1.0,0.0,1.0
13698828.0,332555164.0,6.0,0.0,0.0,0.0,0.0,1.0
13908381.0,78280541.0,3.0,0.0,1.0,0.0,0.0,1.0
14541966.0,303398872.0,7.0,0.0,2.0,1.0,0.0,1.0
17562880.0,268367042.0,2.0,0.0,0.0,0.0,0.0,1.0
20625528.0,372289945.0,3.0,0.0,0.0,0.0,0.0,1.0
22070271.0,100171520.0,1.0,0.0,0.0,0.0,0.0,1.0
23182222.0,206377150.0,6.0,0.0,1.0,0.0,0.0,1.0
23605678.0,48785210.0,6.0,1.0,0.0,0.0,0.0,1.0
23605678.0,67145075.0,4.0,1.0,0.0,0.0,0.0,1.0
23625580.0,313319103.0,6.0,1.0,1.0,0.0,0.0,1.0
23656726.0,341641408.0,2.0,0.0,0.0,0.0,0.0,1.0
24979429.0,279975780.0,4.0,0.0,0.0,0.0,0.0,1.0
25460341.0,81043001.0,5.0,0.0,0.0,0.0,0.0,1.0
27169453.0,109940185.0,2.0,0.0,1.0,0.0,0.0,1.0
27169453.0,115920479.0,5.0,0.0,1.0,0.0,0.0,1.0
27905177.0,265047518.0,3.0,0.0,0.0,1.0,0.0,1.0
28189979.0,120217954.0,2.0,0.0,1.0,0.0,0.0,1.0
29120381.0,121174040.0,9.0,0.0,1.0,0.0,0.0,1.0
30660351.0,55935774.0,5.0,0.0,0.0,0.0,0.0,1.0
30660351.0,350768034.0,8.0,0.0,1.0,0.0,0.0,1.0
30903688.0,38492305.0,2.0,0.0,0.0,0.0,0.0,1.0
32327203.0,197525303.0,5.0,0.0,1.0,0.0,0.0,1.0
32840272.0,294820642.0,5.0,0.0,1.0,0.0,0.0,1.0
32840272.0,328761004.0,3.0,0.0,1.0,0.0,0.0,1.0
32840272.0,343048784.0,3.0,0.0,1.0,0.0,0.0,1.0
33131047.0,168016924.0,2.0,0.0,1.0,0.0,0.0,1.0
34178632.0,185172478.0,2.0,0.0,0.0,0.0,0.0,1.0
34714627.0,140121617.0,3.0,0.0,0.0,0.0,0.0,1.0
34757101.0,79528259.0,2.0,0.0,0.0,0.0,0.0,1.0
36063452.0,158094150.0,2.0,0.0,0.0,0.0,0.0,1.0
36063452.0,163158720.0,1.0,0.0,1.0,0.0,0.0,1.0
37093106.0,163754037.0,5.0,0.0,0.0,0.0,0.0,1.0
39042380.0,49439443.0,5.0,0.0,1.0,0.0,0.0,1.0
40044388.0,172220317.0,2.0,0.0,1.0,0.0,0.0,1.0
42082216.0,340658714.0,4.0,0.0,1.0,2.0,1.0,1.0
43252522.0,3672983.0,3.0,0.0,1.0,0.0,0.0,1.0
44556221.0,309476534.0,6.0,0.0,0.0,0.0,0.0,1.0
44562971.0,117820021.0,6.0,0.0,0.0,0.0,0.0,1.0
45470234.0,129662365.0,9.0,0.0,1.0,0.0,0.0,1.0
48393144.0,221820553.0,3.0,1.0,0.0,0.0,0.0,1.0
49099929.0,233448347.0,7.0,0.0,0.0,0.0,0.0,1.0
49099929.0,377388354.0,3.0,0.0,0.0,0.0,0.0,1.0
49099929.0,397489574.0,11.0,0.0,1.0,0.0,0.0,1.0
49710387.0,358097620.0,2.0,0.0,0.0,0.0,0.0,1.0
53667812.0,217995318.0,1.0,0.0,0.0,0.0,0.0,1.0
53667812.0,396321302.0,5.0,0.0,0.0,0.0,0.0,1.0
54267320.0,384637652.0,8.0,0.0,0.0,0.0,0.0,1.0
57648180.0,373201369.0,8.0,0.0,1.0,0.0,0.0,1.0
57954225.0,42813818.0,4.0,0.0,0.0,0.0,0.0,1.0
58404006.0,135655048.0,1.0,0.0,0.0,0.0,0.0,1.0
58404006.0,229690849.0,1.0,0.0,1.0,0.0,0.0,1.0
58404006.0,398282230.0,3.0,0.0,1.0,0.0,0.0,1.0
58404006.0,403396614.0,1.0,0.0,1.0,0.0,0.0,1.0
59520678.0,49264563.0,5.0,0.0,1.0,0.0,0.0,1.0
60203516.0,296237790.0,1.0,0.0,1.0,0.0,0.0,1.0
60792770.0,18595149.0,10.0,0.0,0.0,0.0,0.0,1.0
100226515.0,260210381.0,4.0,0.0,0.0,0.0,0.0,1.0
100714423.0,82823093.0,2.0,0.0,1.0,0.0,0.0,1.0
101919523.0,386356099.0,4.0,0.0,0.0,1.0,0.0,1.0
102011320.0,272374660.0,2.0,0.0,0.0,0.0,0.0,1.0
102233179.0,81286222.0,4.0,0.0,0.0,0.0,0.0,1.0
108842399.0,74359694.0,4.0,0.0,0.0,0.0,0.0,1.0
108842399.0,343930065.0,9.0,1.0,0.0,0.0,0.0,1.0
108842399.0,359454251.0,1.0,0.0,0.0,0.0,0.0,1.0
109164452.0,31265922.0,1.0,0.0,0.0,0.0,0.0,1.0
109436981.0,263135114.0,8.0,1.0,0.0,1.0,0.0,1.0
110068303.0,384487676.0,3.0,0.0,0.0,0.0,0.0,1.0
110581771.0,391545779.0,2.0,0.0,0.0,0.0,0.0,1.0
110883802.0,31581070.0,4.0,1.0,0.0,0.0,0.0,1.0
112508383.0,304131011.0,14.0,0.0,0.0,0.0,0.0,1.0
113033486.0,147660335.0,3.0,0.0,0.0,0.0,0.0,1.0
113491196.0,161840722.0,1.0,0.0,1.0,0.0,0.0,1.0
113903693.0,141105414.0,4.0,0.0,1.0,0.0,0.0,1.0
113903693.0,156595505.0,9.0,0.0,1.0,0.0,0.0,1.0
113903693.0,207526377.0,4.0,0.0,1.0,0.0,0.0,1.0
114328130.0,375093218.0,1.0,0.0,0.0,0.0,0.0,1.0
114328130.0,385917319.0,5.0,0.0,0.0,0.0,0.0,1.0
115575833.0,106489598.0,5.0,0.0,0.0,0.0,0.0,1.0
117511565.0,91404963.0,3.0,0.0,0.0,0.0,0.0,1.0
117909654.0,353924995.0,2.0,0.0,0.0,0.0,0.0,1.0
118062213.0,36334426.0,5.0,1.0,0.0,0.0,0.0,1.0
118266183.0,34671785.0,3.0,0.0,0.0,0.0,0.0,1.0
118266183.0,276053595.0,6.0,0.0,0.0,2.0,0.0,1.0
118630104.0,358697840.0,3.0,0.0,0.0,0.0,0.0,1.0
119227071.0,357104534.0,9.0,1.0,0.0,0.0,0.0,1.0
119279535.0,127517940.0,4.0,0.0,1.0,0.0,0.0,1.0
119279535.0,373488377.0,2.0,0.0,1.0,0.0,0.0,1.0
123093902.0,205703399.0,5.0,0.0,1.0,0.0,0.0,1.0
124268417.0,190495825.0,2.0,0.0,0.0,0.0,0.0,1.0
125528876.0,174879594.0,6.0,1.0,0.0,0.0,0.0,1.0
125528876.0,267210177.0,6.0,1.0,0.0,0.0,0.0,1.0
125528876.0,321498601.0,6.0,1.0,0.0,0.0,0.0,1.0
126376929.0,17887584.0,7.0,0.0,1.0,0.0,0.0,1.0
127257207.0,314903844.0,5.0,0.0,1.0,0.0,0.0,1.0
128043732.0,229698147.0,4.0,1.0,0.0,0.0,0.0,1.0
128059716.0,379889777.0,3.0,0.0,1.0,0.0,0.0,1.0
132506852.0,55880206.0,2.0,0.0,0.0,0.0,0.0,1.0
132506852.0,140674164.0,6.0,0.0,0.0,0.0,0.0,1.0
133055414.0,167495934.0,2.0,0.0,1.0,0.0,0.0,1.0
133055414.0,265150434.0,6.0,0.0,1.0,0.0,0.0,1.0
134994117.0,229100534.0,2.0,0.0,0.0,0.0,0.0,1.0
135249894.0,171993490.0,4.0,0.0,1.0,0.0,0.0,1.0
135288720.0,31532943.0,3.0,0.0,0.0,0.0,0.0,1.0
135666003.0,144710634.0,3.0,0.0,0.0,0.0,0.0,1.0
136652850.0,127922923.0,3.0,0.0,0.0,0.0,0.0,1.0
136915656.0,103287904.0,2.0,0.0,0.0,0.0,0.0,1.0
138796450.0,277169158.0,4.0,0.0,0.0,0.0,0.0,1.0
139919071.0,298324991.0,5.0,0.0,1.0,0.0,0.0,1.0
141343691.0,91824965.0,6.0,1.0,0.0,0.0,0.0,1.0
141374267.0,64363930.0,1.0,1.0,0.0,0.0,0.0,1.0
141374267.0,179399381.0,3.0,1.0,1.0,0.0,0.0,1.0
141374267.0,218779676.0,5.0,1.0,1.0,0.0,0.0,1.0
141374267.0,393028051.0,2.0,1.0,1.0,0.0,0.0,1.0
126376929.0,53613395.0,0.0,0.0,1.0,0.0,0.0,1.0
126376929.0,233673781.0,0.0,0.0,1.0,0.0,0.0,1.0
126376929.0,257314767.0,0.0,0.0,1.0,0.0,0.0,1.0
126376929.0,328549091.0,0.0,0.0,1.0,0.0,0.0,1.0
140391842.0,110440623.0,7.0,0.0,0.0,0.0,0.0,0.0
58639749.0,317742771.0,2.0,0.0,0.0,0.0,0.0,0.0
58887024.0,190191927.0,7.0,0.0,0.0,0.0,0.0,0.0
116211662.0,294345675.0,1.0,0.0,0.0,0.0,0.0,0.0
53455877.0,321086861.0,2.0,0.0,0.0,0.0,0.0,0.0
129887427.0,376976644.0,2.0,0.0,0.0,0.0,0.0,0.0
64500498.0,351742284.0,3.0,0.0,0.0,0.0,0.0,0.0
134255067.0,335596692.0,1.0,0.0,0.0,0.0,0.0,0.0
13505790.0,126366471.0,2.0,0.0,0.0,0.0,0.0,0.0
111174406.0,342672795.0,2.0,0.0,0.0,0.0,0.0,0.0
113598995.0,395200199.0,2.0,0.0,0.0,0.0,0.0,0.0
52407080.0,48817962.0,2.0,0.0,0.0,0.0,0.0,0.0
61260896.0,375866915.0,1.0,0.0,0.0,0.0,0.0,0.0
39957893.0,76971242.0,2.0,0.0,0.0,0.0,0.0,0.0
6317831.0,283953540.0,3.0,0.0,0.0,0.0,0.0,0.0
39801668.0,266624957.0,2.0,0.0,0.0,0.0,0.0,0.0
44520563.0,343030484.0,2.0,0.0,0.0,0.0,0.0,0.0
62879735.0,40689080.0,1.0,0.0,0.0,0.0,0.0,0.0
128319225.0,123551928.0,2.0,0.0,0.0,0.0,0.0,0.0
12606312.0,77813045.0,5.0,0.0,0.0,1.0,0.0,0.0
56269254.0,195288442.0,2.0,0.0,0.0,0.0,0.0,0.0
50142094.0,46946163.0,3.0,0.0,0.0,0.0,0.0,0.0
135200142.0,95920502.0,3.0,0.0,1.0,0.0,0.0,0.0
135809553.0,62643287.0,3.0,0.0,0.0,0.0,0.0,0.0
20995080.0,313461858.0,1.0,0.0,0.0,0.0,0.0,0.0
62879735.0,171357217.0,1.0,0.0,0.0,0.0,0.0,0.0
51772310.0,38388170.0,2.0,0.0,0.0,0.0,0.0,0.0
11225904.0,58860816.0,1.0,0.0,0.0,0.0,0.0,0.0
28646684.0,118669025.0,3.0,0.0,0.0,0.0,0.0,0.0
62747231.0,395293669.0,2.0,0.0,0.0,0.0,0.0,0.0
60768284.0,237847174.0,1.0,0.0,0.0,0.0,0.0,0.0
104982265.0,124423909.0,1.0,0.0,0.0,0.0,0.0,0.0
132541898.0,282660527.0,1.0,0.0,0.0,0.0,0.0,0.0
34022008.0,353420943.0,3.0,0.0,1.0,0.0,0.0,0.0
43293667.0,359367067.0,1.0,0.0,0.0,0.0,0.0,0.0
35927708.0,3152572.0,3.0,0.0,0.0,0.0,0.0,0.0
59356413.0,363721905.0,2.0,0.0,0.0,0.0,0.0,0.0
116270315.0,385474066.0,1.0,0.0,0.0,0.0,0.0,0.0
22388571.0,263917076.0,1.0,0.0,0.0,0.0,0.0,0.0
124134830.0,104768498.0,2.0,0.0,0.0,0.0,0.0,0.0
56743230.0,101425547.0,3.0,0.0,0.0,0.0,0.0,0.0
40044388.0,127059657.0,2.0,0.0,0.0,0.0,0.0,0.0
114940505.0,272968229.0,3.0,0.0,0.0,0.0,0.0,0.0
111246613.0,281894293.0,2.0,0.0,0.0,0.0,0.0,0.0
53864210.0,166544131.0,2.0,0.0,0.0,0.0,0.0,0.0
138754270.0,315967488.0,2.0,0.0,0.0,0.0,0.0,0.0
43467412.0,228364949.0,3.0,0.0,0.0,0.0,0.0,0.0
127364859.0,181217263.0,2.0,0.0,0.0,0.0,0.0,0.0
101919523.0,339710611.0,3.0,0.0,1.0,0.0,0.0,0.0
25460341.0,256408851.0,2.0,0.0,0.0,0.0,0.0,0.0
14969215.0,224518417.0,1.0,0.0,0.0,0.0,0.0,0.0
37163204.0,241882456.0,4.0,0.0,0.0,0.0,0.0,0.0
101105140.0,352519592.0,4.0,0.0,0.0,0.0,0.0,0.0
141531335.0,236428138.0,2.0,0.0,0.0,0.0,0.0,0.0
17562880.0,245551160.0,3.0,0.0,0.0,0.0,0.0,0.0
131808599.0,123172470.0,2.0,0.0,0.0,0.0,0.0,0.0
29463386.0,274974703.0,2.0,0.0,0.0,0.0,0.0,0.0
54208610.0,63958839.0,2.0,0.0,0.0,0.0,0.0,0.0
127546836.0,318719194.0,1.0,0.0,0.0,0.0,0.0,0.0
119311809.0,93645358.0,1.0,0.0,0.0,0.0,0.0,0.0
12409914.0,312317258.0,2.0,0.0,0.0,0.0,0.0,0.0
125528876.0,49243392.0,8.0,0.0,1.0,1.0,0.0,0.0
27460736.0,360837165.0,3.0,0.0,0.0,0.0,0.0,0.0
113033486.0,322008056.0,1.0,0.0,0.0,0.0,0.0,0.0
25573066.0,287451234.0,3.0,0.0,0.0,0.0,0.0,0.0
3745759.0,208843814.0,2.0,0.0,0.0,0.0,0.0,0.0
58761042.0,292292757.0,8.0,0.0,0.0,0.0,0.0,0.0
335949.0,46068043.0,2.0,0.0,0.0,0.0,0.0,0.0
63004058.0,135451478.0,1.0,0.0,0.0,0.0,0.0,0.0
50070856.0,167074648.0,5.0,0.0,1.0,0.0,0.0,0.0
136575765.0,122531961.0,2.0,0.0,0.0,0.0,0.0,0.0
135383922.0,136444548.0,1.0,0.0,0.0,0.0,0.0,0.0
44374814.0,382674723.0,3.0,0.0,0.0,0.0,0.0,0.0
125528876.0,62344265.0,2.0,0.0,0.0,0.0,0.0,0.0
36061742.0,348754331.0,3.0,0.0,0.0,0.0,0.0,0.0
107295446.0,121033353.0,1.0,0.0,0.0,0.0,0.0,0.0
117257585.0,13560327.0,4.0,0.0,1.0,1.0,1.0,0.0
41558392.0,55648003.0,1.0,0.0,0.0,0.0,0.0,0.0
62264030.0,320797500.0,2.0,0.0,0.0,0.0,0.0,0.0
108992468.0,357367470.0,1.0,0.0,0.0,0.0,0.0,0.0
120998167.0,333379284.0,2.0,0.0,0.0,0.0,0.0,0.0
11525370.0,161353563.0,2.0,0.0,0.0,0.0,0.0,0.0
139986583.0,153842892.0,2.0,0.0,0.0,0.0,0.0,0.0
62747231.0,124365305.0,3.0,0.0,0.0,0.0,0.0,0.0
104479195.0,174978576.0,1.0,0.0,0.0,0.0,0.0,0.0
17562880.0,197125402.0,2.0,0.0,0.0,0.0,0.0,0.0
16989193.0,23528915.0,3.0,0.0,0.0,0.0,0.0,0.0
26924884.0,216907826.0,1.0,0.0,0.0,0.0,0.0,0.0
114135347.0,14164142.0,3.0,0.0,0.0,0.0,0.0,0.0
56153328.0,117044371.0,2.0,0.0,0.0,0.0,0.0,0.0
134841321.0,303718926.0,1.0,0.0,0.0,0.0,0.0,0.0
28228076.0,200745800.0,2.0,0.0,0.0,0.0,0.0,0.0
44658539.0,306955836.0,1.0,1.0,0.0,0.0,0.0,0.0
50176441.0,279866958.0,4.0,0.0,1.0,0.0,0.0,0.0
29548223.0,22040774.0,1.0,0.0,0.0,0.0,0.0,0.0
22099113.0,383465878.0,2.0,0.0,0.0,0.0,0.0,0.0
11525370.0,284024074.0,1.0,0.0,0.0,0.0,0.0,0.0
123021194.0,363873221.0,1.0,0.0,0.0,0.0,0.0,0.0
36067043.0,241141337.0,3.0,0.0,0.0,0.0,0.0,0.0
45242063.0,360469811.0,2.0,0.0,0.0,0.0,0.0,0.0
4625549.0,281138343.0,3.0,0.0,0.0,0.0,0.0,0.0
120944392.0,151735007.0,2.0,0.0,0.0,0.0,0.0,0.0
12952941.0,209186888.0,1.0,0.0,0.0,0.0,0.0,0.0
119838957.0,69076416.0,2.0,0.0,0.0,0.0,0.0,0.0
13827819.0,277405983.0,1.0,0.0,0.0,0.0,0.0,0.0
22771302.0,88986607.0,1.0,0.0,0.0,0.0,0.0,0.0
22711728.0,222711737.0,1.0,0.0,0.0,0.0,0.0,0.0
120001942.0,131939727.0,1.0,0.0,0.0,0.0,0.0,0.0
101919523.0,185608282.0,2.0,0.0,0.0,0.0,0.0,0.0
62613398.0,6975016.0,2.0,0.0,0.0,0.0,0.0,0.0
117520661.0,218216501.0,2.0,0.0,0.0,0.0,0.0,0.0
1653688.0,30653680.0,2.0,0.0,0.0,0.0,0.0,0.0
115136933.0,370395691.0,1.0,0.0,0.0,0.0,0.0,0.0
32920426.0,325467804.0,2.0,0.0,0.0,0.0,0.0,0.0
28001306.0,99292253.0,2.0,0.0,0.0,0.0,0.0,0.0
118444341.0,314128037.0,2.0,0.0,0.0,0.0,0.0,0.0
110984704.0,82327061.0,2.0,0.0,0.0,0.0,0.0,0.0
114963533.0,86017444.0,5.0,0.0,0.0,0.0,0.0,0.0
30252825.0,172129124.0,2.0,0.0,0.0,0.0,0.0,0.0
22447464.0,238120656.0,1.0,0.0,0.0,0.0,0.0,0.0
21326166.0,167973654.0,4.0,0.0,0.0,0.0,0.0,0.0
108019238.0,393222755.0,1.0,0.0,0.0,0.0,0.0,0.0
24547516.0,353142969.0,2.0,0.0,0.0,0.0,0.0,0.0
105833930.0,186490087.0,2.0,0.0,0.0,0.0,0.0,0.0
28851884.0,249082793.0,3.0,0.0,0.0,0.0,0.0,0.0
53283860.0,390321736.0,3.0,0.0,0.0,0.0,0.0,0.0
120629764.0,376799299.0,2.0,0.0,0.0,0.0,0.0,0.0
16703143.0,247905140.0,2.0,0.0,0.0,0.0,0.0,0.0
43877747.0,242231467.0,1.0,0.0,0.0,0.0,0.0,0.0
22099113.0,33796717.0,2.0,0.0,0.0,0.0,0.0,0.0
55514294.0,90050705.0,2.0,0.0,0.0,0.0,0.0,0.0
6391361.0,247614326.0,1.0,0.0,0.0,0.0,0.0,0.0
18176035.0,202063820.0,2.0,0.0,0.0,0.0,0.0,0.0
2437852.0,69934184.0,3.0,0.0,0.0,0.0,0.0,0.0
138754270.0,219160250.0,2.0,0.0,0.0,0.0,0.0,0.0
134796702.0,112790066.0,1.0,0.0,0.0,0.0,0.0,0.0
131750537.0,32676313.0,1.0,0.0,0.0,0.0,0.0,0.0
49099929.0,165600902.0,2.0,0.0,0.0,0.0,0.0,0.0
110961790.0,358625110.0,11.0,0.0,1.0,1.0,1.0,0.0
38525030.0,154653982.0,2.0,0.0,0.0,0.0,0.0,0.0
335949.0,269176955.0,1.0,0.0,0.0,0.0,0.0,0.0
56596275.0,163045273.0,2.0,0.0,1.0,0.0,0.0,0.0
100226515.0,48317538.0,1.0,0.0,0.0,0.0,0.0,0.0
27460736.0,321886986.0,2.0,0.0,0.0,0.0,0.0,0.0
42369712.0,368532046.0,3.0,0.0,0.0,0.0,0.0,0.0
61640288.0,4203153.0,1.0,0.0,0.0,0.0,0.0,0.0
103044784.0,276300354.0,1.0,0.0,0.0,0.0,0.0,0.0
21737559.0,155379138.0,3.0,0.0,0.0,0.0,0.0,0.0
32324857.0,136676567.0,2.0,0.0,0.0,0.0,0.0,0.0
3320605.0,18455003.0,2.0,0.0,0.0,0.0,0.0,0.0
113743271.0,152468822.0,2.0,0.0,0.0,0.0,0.0,0.0
127303698.0,47680549.0,2.0,0.0,1.0,0.0,0.0,0.0
132989015.0,47786455.0,2.0,0.0,0.0,0.0,0.0,0.0
41693266.0,133107507.0,1.0,0.0,0.0,0.0,0.0,0.0
22380591.0,334018855.0,2.0,0.0,0.0,0.0,0.0,0.0
36375425.0,389919542.0,2.0,0.0,0.0,0.0,0.0,0.0
10799199.0,153422853.0,3.0,0.0,0.0,0.0,0.0,0.0
109212596.0,191869532.0,2.0,0.0,0.0,0.0,0.0,0.0
3285586.0,148394049.0,6.0,0.0,0.0,0.0,0.0,0.0
16447225.0,65322515.0,3.0,0.0,0.0,0.0,0.0,0.0
14259300.0,134506848.0,1.0,0.0,0.0,0.0,0.0,0.0
36886931.0,15174053.0,2.0,0.0,0.0,0.0,0.0,0.0
111841945.0,396129649.0,2.0,0.0,0.0,0.0,0.0,0.0
15670219.0,300702427.0,2.0,0.0,0.0,0.0,0.0,0.0
2454724.0,169213724.0,2.0,1.0,0.0,0.0,0.0,0.0
6415589.0,124988107.0,3.0,1.0,0.0,0.0,0.0,0.0
16447225.0,363195283.0,3.0,0.0,0.0,0.0,0.0,0.0
45077390.0,238416492.0,3.0,0.0,0.0,0.0,0.0,0.0
139007653.0,50305627.0,3.0,0.0,0.0,0.0,0.0,0.0
48790890.0,268488417.0,0.0,0.0,1.0,0.0,0.0,0.0
50805790.0,192375591.0,2.0,0.0,0.0,0.0,0.0,0.0
128639886.0,253274544.0,1.0,0.0,0.0,0.0,0.0,0.0
48442323.0,250772552.0,2.0,0.0,0.0,0.0,0.0,0.0
140015654.0,335886137.0,2.0,0.0,1.0,0.0,0.0,0.0
103052788.0,24091030.0,4.0,0.0,0.0,0.0,0.0,0.0
15575017.0,120469269.0,3.0,0.0,0.0,0.0,0.0,0.0
10713699.0,358840694.0,3.0,0.0,0.0,0.0,0.0,0.0
108330275.0,276898538.0,3.0,0.0,0.0,0.0,0.0,0.0
59739387.0,16718042.0,2.0,0.0,0.0,0.0,0.0,0.0
41460031.0,403527962.0,2.0,0.0,0.0,0.0,0.0,0.0
6111410.0,57236895.0,2.0,0.0,0.0,0.0,0.0,0.0
58366431.0,228908293.0,2.0,0.0,0.0,0.0,0.0,0.0
38748722.0,23973955.0,2.0,0.0,0.0,0.0,0.0,0.0
36061742.0,340804993.0,2.0,0.0,0.0,0.0,0.0,0.0
126651486.0,167649599.0,2.0,0.0,0.0,0.0,0.0,0.0
49099929.0,304345493.0,2.0,0.0,0.0,0.0,0.0,0.0
46554986.0,169482984.0,1.0,0.0,0.0,0.0,0.0,0.0
130148180.0,290442522.0,1.0,0.0,0.0,0.0,0.0,0.0
134255067.0,67907185.0,1.0,0.0,0.0,0.0,0.0,0.0
39066596.0,232908682.0,3.0,0.0,0.0,0.0,0.0,0.0
134545503.0,68265150.0,2.0,0.0,0.0,0.0,0.0,0.0
120400714.0,84261410.0,1.0,0.0,0.0,0.0,0.0,0.0
10095384.0,245127672.0,1.0,0.0,0.0,0.0,0.0,0.0
3883093.0,142976904.0,1.0,0.0,0.0,0.0,0.0,0.0
128486850.0,364306393.0,4.0,0.0,0.0,0.0,0.0,0.0
101822806.0,401489839.0,6.0,0.0,0.0,0.0,0.0,0.0
25958110.0,189024760.0,1.0,0.0,0.0,0.0,0.0,0.0
126389844.0,125593389.0,1.0,0.0,1.0,0.0,0.0,0.0
100639219.0,381744930.0,2.0,0.0,0.0,0.0,0.0,0.0
19725815.0,403197737.0,3.0,0.0,0.0,0.0,0.0,0.0
103628659.0,233340699.0,6.0,0.0,0.0,0.0,0.0,0.0
117281615.0,400820665.0,2.0,0.0,0.0,0.0,0.0,0.0
38967455.0,141547360.0,2.0,0.0,0.0,0.0,0.0,0.0
125563712.0,377183309.0,1.0,0.0,0.0,0.0,0.0,0.0
47789075.0,380018793.0,2.0,1.0,0.0,0.0,0.0,0.0
40049641.0,11972110.0,3.0,0.0,0.0,0.0,0.0,0.0
3285586.0,74968388.0,2.0,0.0,0.0,0.0,0.0,0.0
114278486.0,232431351.0,2.0,0.0,0.0,0.0,0.0,0.0
42096946.0,306725348.0,3.0,0.0,1.0,0.0,0.0,0.0
1136287.0,273060122.0,3.0,0.0,0.0,0.0,0.0,0.0
15097678.0,115285604.0,2.0,0.0,0.0,0.0,0.0,0.0
137856687.0,150262332.0,2.0,0.0,0.0,0.0,0.0,0.0
10874175.0,281400074.0,3.0,0.0,0.0,0.0,0.0,0.0
27926609.0,387514612.0,1.0,0.0,0.0,0.0,0.0,0.0
132541898.0,336717374.0,3.0,0.0,1.0,0.0,0.0,0.0
33492073.0,337685286.0,1.0,0.0,0.0,0.0,0.0,0.0
59683491.0,86599912.0,3.0,0.0,0.0,0.0,0.0,0.0
114932900.0,296566179.0,2.0,0.0,0.0,0.0,0.0,0.0
115514672.0,322576761.0,4.0,0.0,1.0,0.0,0.0,0.0
117955677.0,181843339.0,2.0,0.0,0.0,0.0,0.0,0.0
114061658.0,121709258.0,1.0,0.0,0.0,0.0,0.0,0.0
58887024.0,371723969.0,2.0,0.0,0.0,0.0,0.0,0.0
138754270.0,259350946.0,5.0,1.0,1.0,1.0,1.0,0.0
131771456.0,393474074.0,2.0,0.0,0.0,0.0,0.0,0.0
23730268.0,256575152.0,3.0,0.0,0.0,0.0,0.0,0.0
110864023.0,171958320.0,2.0,0.0,0.0,0.0,0.0,0.0
47517185.0,389242167.0,2.0,1.0,0.0,0.0,0.0,0.0
57800508.0,69477900.0,1.0,0.0,0.0,0.0,0.0,0.0
131165318.0,214726604.0,2.0,0.0,0.0,0.0,0.0,0.0
18387106.0,196097335.0,2.0,0.0,0.0,0.0,0.0,0.0
29495282.0,338147179.0,3.0,0.0,0.0,0.0,0.0,0.0
134255067.0,404376397.0,1.0,0.0,0.0,0.0,0.0,0.0
130405628.0,401399224.0,1.0,0.0,0.0,0.0,0.0,0.0
23730268.0,33539422.0,2.0,0.0,0.0,0.0,0.0,0.0
58581174.0,139121759.0,1.0,0.0,0.0,0.0,0.0,0.0
117257585.0,18574058.0,1.0,0.0,0.0,0.0,0.0,0.0
50936023.0,337120998.0,6.0,0.0,1.0,0.0,0.0,0.0
11525370.0,78723709.0,4.0,0.0,0.0,0.0,0.0,0.0
140321927.0,86760517.0,2.0,0.0,0.0,0.0,0.0,0.0
60891335.0,97641629.0,2.0,0.0,0.0,0.0,0.0,0.0
33857842.0,309041291.0,1.0,0.0,0.0,0.0,0.0,0.0
125838945.0,248411310.0,2.0,0.0,0.0,0.0,0.0,0.0
27169453.0,153246696.0,2.0,0.0,0.0,0.0,0.0,0.0
111375820.0,327051720.0,3.0,0.0,0.0,0.0,0.0,0.0
5352155.0,313532619.0,1.0,0.0,0.0,0.0,0.0,0.0
64279050.0,231232882.0,1.0,0.0,0.0,0.0,0.0,0.0
132541898.0,218099692.0,1.0,0.0,0.0,0.0,0.0,0.0
128902392.0,222116271.0,1.0,0.0,0.0,0.0,0.0,0.0
35725961.0,200816226.0,2.0,0.0,0.0,0.0,0.0,0.0
114278486.0,107358088.0,2.0,0.0,0.0,0.0,0.0,0.0
26225677.0,151348036.0,3.0,0.0,0.0,0.0,0.0,0.0
135919551.0,272594446.0,3.0,0.0,0.0,0.0,0.0,0.0
101919523.0,75883082.0,2.0,0.0,0.0,0.0,0.0,0.0
51554218.0,33285905.0,1.0,0.0,0.0,0.0,0.0,0.0
34457122.0,101276445.0,1.0,0.0,0.0,0.0,0.0,0.0
37961432.0,197524258.0,1.0,0.0,0.0,0.0,0.0,0.0
102516628.0,146065341.0,1.0,0.0,0.0,0.0,0.0,0.0
62660855.0,15092432.0,2.0,0.0,1.0,0.0,0.0,0.0
130904570.0,218300165.0,4.0,0.0,0.0,0.0,0.0,0.0
114695450.0,379680663.0,1.0,1.0,0.0,0.0,0.0,0.0
104479195.0,213502874.0,1.0,0.0,0.0,0.0,0.0,0.0
101785678.0,288120057.0,3.0,0.0,0.0,0.0,0.0,0.0
35233288.0,263674281.0,1.0,0.0,0.0,0.0,0.0,0.0
140342846.0,311361318.0,1.0,0.0,0.0,0.0,0.0,0.0
59213730.0,402773942.0,1.0,0.0,0.0,0.0,0.0,0.0
42785470.0,289313268.0,2.0,0.0,0.0,0.0,0.0,0.0
132050237.0,188682010.0,4.0,0.0,0.0,0.0,0.0,0.0
125528876.0,317841481.0,2.0,1.0,0.0,0.0,0.0,0.0
39175121.0,231380715.0,3.0,0.0,0.0,0.0,0.0,0.0
16334101.0,126998974.0,3.0,0.0,1.0,1.0,0.0,0.0
130791359.0,362101070.0,1.0,0.0,0.0,0.0,0.0,0.0
110041570.0,59487869.0,2.0,0.0,0.0,0.0,0.0,0.0
128753499.0,29857043.0,1.0,0.0,0.0,0.0,0.0,0.0
43252522.0,218409407.0,1.0,0.0,0.0,0.0,0.0,0.0
21624663.0,249480126.0,1.0,0.0,0.0,0.0,0.0,0.0
61439648.0,161164469.0,2.0,0.0,0.0,0.0,0.0,0.0
129347055.0,121635115.0,2.0,0.0,0.0,0.0,0.0,0.0
109212596.0,125209958.0,2.0,0.0,0.0,0.0,0.0,0.0
34757101.0,178337364.0,2.0,0.0,0.0,0.0,0.0,0.0
106533248.0,204196509.0,3.0,0.0,0.0,0.0,0.0,0.0
39957893.0,132479629.0,2.0,0.0,0.0,0.0,0.0,0.0
51737018.0,49878502.0,2.0,0.0,0.0,0.0,0.0,0.0
55474154.0,135996803.0,7.0,0.0,1.0,1.0,0.0,0.0
57373248.0,203764425.0,4.0,0.0,0.0,0.0,0.0,0.0
29896790.0,16248410.0,1.0,0.0,0.0,0.0,0.0,0.0
105923627.0,340478320.0,1.0,0.0,0.0,0.0,0.0,0.0
51075007.0,350456357.0,2.0,0.0,0.0,0.0,0.0,0.0
5352155.0,298739755.0,2.0,0.0,0.0,0.0,0.0,0.0
111050134.0,23510062.0,3.0,0.0,0.0,0.0,0.0,0.0
116270315.0,120315789.0,1.0,0.0,0.0,0.0,0.0,0.0
23443147.0,81612256.0,6.0,0.0,0.0,0.0,0.0,0.0
62162891.0,228388697.0,2.0,0.0,0.0,0.0,0.0,0.0
34810921.0,274364917.0,1.0,0.0,0.0,0.0,0.0,0.0
46066679.0,64490212.0,9.0,0.0,0.0,0.0,0.0,0.0
135809553.0,220650967.0,3.0,0.0,0.0,0.0,0.0,0.0
138754270.0,325381192.0,2.0,0.0,0.0,0.0,0.0,0.0
123021194.0,144455367.0,2.0,0.0,0.0,0.0,0.0,0.0
34125247.0,330732885.0,2.0,0.0,0.0,0.0,0.0,0.0
53844137.0,314670909.0,1.0,0.0,0.0,0.0,0.0,0.0
117839385.0,101215726.0,4.0,0.0,1.0,0.0,0.0,0.0
134595573.0,174035193.0,1.0,0.0,0.0,0.0,0.0,0.0
30517797.0,377287457.0,2.0,0.0,0.0,0.0,0.0,0.0
122681924.0,333543894.0,2.0,0.0,0.0,0.0,0.0,0.0
38373011.0,98527399.0,5.0,0.0,0.0,0.0,0.0,0.0
15670219.0,186658848.0,2.0,0.0,0.0,0.0,0.0,0.0
13391106.0,336695759.0,3.0,0.0,1.0,0.0,0.0,0.0
32079118.0,398133747.0,2.0,0.0,0.0,0.0,0.0,0.0
44299667.0,163640751.0,1.0,0.0,0.0,0.0,0.0,0.0
105207377.0,574936.0,5.0,0.0,0.0,0.0,0.0,0.0
22380591.0,378848519.0,2.0,0.0,0.0,0.0,0.0,0.0
34452439.0,283529895.0,3.0,0.0,0.0,0.0,0.0,0.0
103033579.0,15813745.0,1.0,0.0,0.0,0.0,0.0,0.0
46257182.0,141310627.0,1.0,0.0,0.0,0.0,0.0,0.0
139919071.0,71796857.0,3.0,0.0,0.0,0.0,0.0,0.0
102823423.0,226789874.0,6.0,0.0,1.0,0.0,0.0,0.0
140015654.0,176249695.0,1.0,0.0,0.0,0.0,0.0,0.0
62909306.0,222514477.0,2.0,0.0,0.0,0.0,0.0,0.0
41460031.0,13776604.0,1.0,0.0,0.0,0.0,0.0,0.0
39628706.0,322065793.0,2.0,0.0,0.0,0.0,0.0,0.0
42793246.0,373596414.0,3.0,0.0,0.0,0.0,0.0,0.0
110206999.0,47303239.0,3.0,0.0,0.0,0.0,0.0,0.0
125528876.0,317352403.0,2.0,0.0,0.0,0.0,0.0,0.0
17520472.0,340354509.0,1.0,0.0,0.0,0.0,0.0,0.0
104993641.0,319793510.0,2.0,0.0,0.0,0.0,0.0,0.0
12952941.0,168337817.0,2.0,0.0,0.0,0.0,0.0,0.0
121658987.0,231590815.0,1.0,0.0,0.0,0.0,0.0,0.0
128912448.0,282126371.0,2.0,0.0,0.0,0.0,0.0,0.0
109991124.0,281129424.0,1.0,0.0,0.0,0.0,0.0,0.0
26401156.0,26645986.0,1.0,0.0,0.0,0.0,0.0,0.0
2061619.0,166859141.0,2.0,0.0,0.0,0.0,0.0,0.0
141423047.0,242447429.0,2.0,0.0,0.0,0.0,0.0,0.0
51737018.0,219585087.0,5.0,0.0,1.0,0.0,0.0,0.0
20026092.0,149997012.0,1.0,0.0,0.0,0.0,0.0,0.0
23745064.0,243457365.0,3.0,0.0,0.0,0.0,0.0,0.0
48121824.0,231958458.0,2.0,0.0,0.0,0.0,0.0,0.0
27380924.0,333611685.0,1.0,0.0,0.0,0.0,0.0,0.0
119194869.0,203673300.0,1.0,0.0,0.0,0.0,0.0,0.0
125598335.0,15760736.0,2.0,0.0,0.0,0.0,0.0,0.0
51737018.0,50114987.0,2.0,0.0,0.0,0.0,0.0,0.0
37189586.0,126163279.0,2.0,0.0,0.0,0.0,0.0,0.0
45491153.0,110125194.0,2.0,0.0,0.0,0.0,0.0,0.0
17479444.0,241938640.0,2.0,0.0,0.0,0.0,0.0,0.0
64749963.0,272939516.0,6.0,0.0,0.0,1.0,0.0,0.0
26401156.0,316962828.0,1.0,0.0,0.0,0.0,0.0,0.0
110961790.0,129362658.0,5.0,0.0,0.0,0.0,0.0,0.0
132541898.0,6331401.0,1.0,0.0,0.0,0.0,0.0,0.0
133111010.0,295136771.0,2.0,0.0,0.0,0.0,0.0,0.0
136286592.0,118284315.0,2.0,0.0,0.0,0.0,0.0,0.0
5922326.0,368863045.0,1.0,0.0,0.0,0.0,0.0,0.0
125890311.0,38219733.0,2.0,0.0,0.0,0.0,0.0,0.0
110864023.0,26865001.0,3.0,0.0,0.0,0.0,0.0,0.0
22711728.0,193507654.0,1.0,0.0,0.0,0.0,0.0,0.0
13978410.0,135321822.0,2.0,0.0,0.0,0.0,0.0,0.0
116422961.0,64988115.0,2.0,0.0,0.0,0.0,0.0,0.0
114940505.0,20852534.0,4.0,0.0,0.0,0.0,0.0,0.0
41195644.0,327620070.0,3.0,0.0,0.0,0.0,0.0,0.0
61745579.0,389648274.0,1.0,0.0,0.0,0.0,0.0,0.0
57621504.0,213035171.0,3.0,0.0,0.0,0.0,0.0,0.0
61572698.0,313456442.0,2.0,0.0,0.0,0.0,0.0,0.0
136664616.0,222978418.0,1.0,0.0,0.0,0.0,0.0,0.0
23625580.0,364329178.0,2.0,0.0,0.0,0.0,0.0,0.0
134593008.0,289405447.0,1.0,0.0,0.0,0.0,0.0,0.0
102516628.0,18350610.0,3.0,0.0,0.0,0.0,0.0,0.0
13454616.0,191375871.0,7.0,0.0,0.0,0.0,0.0,0.0
120174640.0,174664219.0,3.0,0.0,0.0,0.0,0.0,0.0
105315608.0,337245491.0,3.0,0.0,0.0,0.0,0.0,0.0
51164770.0,8933348.0,4.0,0.0,0.0,0.0,0.0,0.0
107435072.0,319023468.0,2.0,0.0,0.0,0.0,0.0,0.0
102170866.0,106035653.0,3.0,0.0,0.0,0.0,0.0,0.0
46447106.0,322731562.0,5.0,0.0,0.0,0.0,0.0,0.0
135986094.0,221988150.0,2.0,0.0,0.0,0.0,0.0,0.0
105726659.0,397425291.0,5.0,0.0,0.0,1.0,0.0,0.0
54007481.0,47231186.0,1.0,0.0,0.0,0.0,0.0,0.0
22388571.0,87791936.0,2.0,0.0,0.0,0.0,0.0,0.0
13220916.0,124729444.0,2.0,0.0,0.0,0.0,0.0,0.0
10692996.0,225928050.0,1.0,0.0,0.0,0.0,0.0,0.0
58144554.0,221741746.0,2.0,0.0,0.0,0.0,0.0,0.0
54416993.0,398947528.0,2.0,0.0,0.0,0.0,0.0,0.0
34457122.0,355741522.0,2.0,0.0,0.0,0.0,0.0,0.0
125838945.0,193847291.0,2.0,0.0,0.0,0.0,0.0,0.0
104993641.0,201632566.0,2.0,0.0,0.0,0.0,0.0,0.0
127153959.0,270179391.0,1.0,0.0,0.0,0.0,0.0,0.0
31153192.0,172967509.0,2.0,0.0,0.0,0.0,0.0,0.0
34125247.0,166764397.0,4.0,0.0,0.0,0.0,0.0,0.0
132541898.0,355102120.0,2.0,0.0,0.0,1.0,0.0,0.0
12398355.0,92556188.0,2.0,0.0,0.0,0.0,0.0,0.0
133546676.0,249084155.0,1.0,0.0,0.0,0.0,0.0,0.0
116147834.0,360201665.0,1.0,0.0,0.0,0.0,0.0,0.0
27460736.0,309457675.0,2.0,0.0,0.0,0.0,0.0,0.0
118144704.0,390713779.0,3.0,0.0,0.0,0.0,0.0,0.0
48332781.0,38079041.0,4.0,0.0,0.0,0.0,0.0,0.0
101785678.0,1701799.0,1.0,0.0,0.0,0.0,0.0,0.0
1653688.0,101194858.0,1.0,0.0,0.0,0.0,0.0,0.0
109779393.0,260590184.0,3.0,0.0,0.0,0.0,0.0,0.0
33466447.0,90445277.0,2.0,1.0,0.0,0.0,0.0,0.0
18818014.0,189192984.0,2.0,0.0,0.0,0.0,0.0,0.0
111413851.0,127666193.0,2.0,0.0,0.0,0.0,0.0,0.0
62162891.0,54934698.0,3.0,0.0,0.0,0.0,0.0,0.0
118444341.0,39376554.0,2.0,0.0,0.0,0.0,0.0,0.0
2454724.0,186777031.0,2.0,1.0,0.0,0.0,0.0,0.0
12361452.0,21017174.0,2.0,0.0,0.0,0.0,0.0,0.0
110961790.0,33826785.0,3.0,0.0,0.0,0.0,0.0,0.0
43607396.0,274288123.0,1.0,0.0,0.0,0.0,0.0,0.0
63660779.0,259384545.0,2.0,0.0,0.0,0.0,0.0,0.0
106295180.0,61496753.0,2.0,0.0,0.0,0.0,0.0,0.0
133111010.0,362386819.0,1.0,0.0,0.0,0.0,0.0,0.0
122653277.0,360650322.0,3.0,0.0,0.0,0.0,0.0,0.0
41477659.0,247749707.0,2.0,0.0,0.0,0.0,0.0,0.0
142226949.0,177864046.0,1.0,0.0,0.0,0.0,0.0,0.0
117339449.0,164666227.0,3.0,0.0,0.0,0.0,0.0,0.0
24472810.0,203708372.0,1.0,0.0,0.0,1.0,0.0,0.0
31446982.0,294167986.0,4.0,0.0,0.0,0.0,0.0,0.0
139059718.0,185798768.0,2.0,0.0,0.0,0.0,0.0,0.0
20908806.0,196619719.0,3.0,0.0,0.0,0.0,0.0,0.0
64500498.0,91105294.0,2.0,0.0,0.0,0.0,0.0,0.0
12684003.0,361969259.0,2.0,0.0,0.0,0.0,0.0,0.0
13872483.0,263511315.0,2.0,0.0,0.0,0.0,0.0,0.0
34794085.0,357489444.0,1.0,0.0,0.0,0.0,0.0,0.0
40049641.0,263785130.0,1.0,0.0,0.0,0.0,0.0,0.0
15731449.0,55673828.0,4.0,0.0,0.0,0.0,0.0,0.0
20667936.0,162015738.0,2.0,0.0,0.0,0.0,0.0,0.0
49099929.0,195562387.0,2.0,0.0,0.0,0.0,0.0,0.0
132541898.0,396013436.0,5.0,0.0,0.0,0.0,0.0,0.0
26201404.0,206133477.0,1.0,0.0,0.0,0.0,0.0,0.0
122438933.0,95889028.0,2.0,0.0,0.0,0.0,0.0,0.0
59368008.0,382760120.0,8.0,0.0,1.0,1.0,0.0,0.0
15560848.0,15243334.0,6.0,0.0,0.0,0.0,0.0,0.0
128760885.0,247544448.0,4.0,0.0,1.0,0.0,0.0,0.0
42991858.0,391478315.0,7.0,0.0,0.0,0.0,0.0,0.0
110825197.0,130788562.0,2.0,0.0,0.0,0.0,0.0,0.0
33929080.0,136598718.0,2.0,0.0,0.0,0.0,0.0,0.0
64980390.0,329527104.0,4.0,0.0,1.0,0.0,0.0,0.0
140015654.0,204433969.0,1.0,0.0,0.0,0.0,0.0,0.0
117205235.0,221321500.0,3.0,0.0,0.0,0.0,0.0,0.0
117880116.0,131377493.0,2.0,0.0,0.0,0.0,0.0,0.0
106239539.0,163991499.0,1.0,0.0,0.0,0.0,0.0,0.0
130405628.0,387943699.0,1.0,0.0,0.0,0.0,0.0,0.0
59911674.0,183248198.0,1.0,0.0,0.0,0.0,0.0,0.0
133055414.0,129425586.0,2.0,0.0,0.0,0.0,0.0,0.0
21696003.0,164688553.0,3.0,0.0,0.0,0.0,0.0,0.0
31661098.0,298449498.0,2.0,0.0,0.0,0.0,0.0,0.0
13168398.0,177212089.0,2.0,0.0,0.0,0.0,0.0,0.0
108330275.0,368736564.0,1.0,0.0,0.0,0.0,0.0,0.0
120361648.0,316416561.0,3.0,0.0,0.0,0.0,0.0,0.0
112508383.0,77579911.0,1.0,0.0,0.0,0.0,0.0,0.0
103316629.0,390181058.0,1.0,0.0,0.0,0.0,0.0,0.0
141816551.0,170812939.0,7.0,0.0,0.0,0.0,0.0,0.0
46844282.0,178524066.0,2.0,0.0,0.0,0.0,0.0,0.0
33493489.0,82959244.0,1.0,0.0,0.0,0.0,0.0,0.0
114582878.0,292981054.0,4.0,0.0,0.0,0.0,0.0,0.0
37010789.0,174327141.0,1.0,0.0,0.0,0.0,0.0,0.0
11225904.0,239100626.0,2.0,0.0,0.0,0.0,0.0,0.0
111413851.0,264060031.0,1.0,0.0,0.0,0.0,0.0,0.0
5360957.0,184855298.0,1.0,0.0,0.0,0.0,0.0,0.0
32079118.0,153037648.0,2.0,0.0,0.0,0.0,0.0,0.0
110883802.0,269826856.0,2.0,0.0,0.0,0.0,0.0,0.0
38669357.0,94414927.0,1.0,0.0,0.0,0.0,0.0,0.0
50062681.0,261237220.0,4.0,0.0,0.0,0.0,0.0,0.0
5352155.0,69986880.0,1.0,0.0,0.0,0.0,0.0,0.0
108330275.0,45791346.0,1.0,0.0,0.0,0.0,0.0,0.0
50805790.0,252506266.0,1.0,0.0,0.0,0.0,0.0,0.0
64289163.0,139973794.0,3.0,0.0,0.0,0.0,0.0,0.0
103459768.0,65021931.0,1.0,0.0,1.0,0.0,0.0,0.0
1307287.0,96561479.0,3.0,0.0,0.0,0.0,0.0,0.0
63220292.0,63885839.0,3.0,0.0,0.0,0.0,0.0,0.0
20611653.0,221046823.0,1.0,0.0,0.0,0.0,0.0,0.0
56508471.0,8517360.0,3.0,0.0,0.0,0.0,0.0,0.0
104541883.0,6836870.0,2.0,0.0,0.0,0.0,0.0,0.0
119279535.0,212397390.0,3.0,0.0,0.0,0.0,0.0,0.0
15573307.0,354753197.0,2.0,0.0,0.0,0.0,0.0,0.0
23891314.0,240927924.0,2.0,0.0,0.0,0.0,0.0,0.0
23688622.0,354604018.0,5.0,0.0,0.0,0.0,0.0,0.0
63004058.0,61057257.0,1.0,0.0,1.0,0.0,0.0,0.0
56153328.0,398998777.0,2.0,0.0,0.0,0.0,0.0,0.0
127546836.0,331803672.0,2.0,0.0,0.0,0.0,0.0,0.0
37140461.0,403889564.0,2.0,0.0,0.0,0.0,0.0,0.0
46554986.0,190133545.0,2.0,0.0,0.0,0.0,0.0,0.0
142229751.0,236848918.0,2.0,0.0,0.0,0.0,0.0,0.0
109779393.0,267313929.0,1.0,1.0,0.0,0.0,0.0,0.0
51772310.0,357730030.0,2.0,0.0,0.0,0.0,0.0,0.0
40100725.0,27023751.0,2.0,0.0,0.0,0.0,0.0,0.0
104182726.0,366945010.0,3.0,0.0,0.0,0.0,0.0,0.0
13519209.0,184081436.0,2.0,0.0,0.0,0.0,0.0,0.0
53455877.0,328715502.0,1.0,0.0,0.0,0.0,0.0,0.0
20908806.0,249543812.0,1.0,0.0,0.0,0.0,0.0,0.0
116337245.0,101617313.0,3.0,0.0,0.0,0.0,0.0,0.0
431616.0,154990025.0,2.0,1.0,0.0,0.0,0.0,0.0
1287220.0,213454496.0,1.0,0.0,0.0,1.0,0.0,0.0
64971408.0,61410695.0,5.0,0.0,0.0,0.0,0.0,0.0
42250699.0,341740962.0,1.0,0.0,0.0,0.0,0.0,0.0
110886985.0,75681830.0,2.0,0.0,0.0,0.0,0.0,0.0
42369712.0,187050873.0,1.0,0.0,0.0,0.0,0.0,0.0
35913491.0,230167326.0,1.0,0.0,0.0,0.0,0.0,0.0
134545503.0,172394557.0,1.0,0.0,0.0,0.0,0.0,0.0
100171465.0,104246222.0,3.0,0.0,0.0,0.0,0.0,0.0
6107777.0,230246129.0,2.0,0.0,0.0,0.0,0.0,0.0
34810921.0,346201951.0,1.0,0.0,0.0,0.0,0.0,0.0
104982265.0,307356756.0,1.0,0.0,0.0,0.0,0.0,0.0
47422577.0,282530408.0,4.0,0.0,0.0,0.0,0.0,0.0
47843132.0,24874402.0,1.0,0.0,0.0,0.0,0.0,0.0
42768541.0,193307565.0,1.0,0.0,0.0,0.0,0.0,0.0
57837297.0,262702670.0,3.0,0.0,0.0,0.0,0.0,0.0
26401156.0,125593389.0,1.0,0.0,0.0,0.0,0.0,0.0
1183516.0,111421472.0,3.0,0.0,0.0,0.0,0.0,0.0
124166879.0,19422985.0,1.0,0.0,0.0,0.0,0.0,0.0
4860935.0,9481888.0,3.0,1.0,0.0,0.0,0.0,0.0
31855468.0,173022767.0,1.0,0.0,0.0,0.0,0.0,0.0
4090271.0,247824147.0,5.0,0.0,0.0,0.0,0.0,0.0
133212140.0,358263449.0,3.0,0.0,0.0,0.0,0.0,0.0
22388571.0,403956257.0,3.0,0.0,0.0,0.0,0.0,0.0
136534221.0,330673056.0,2.0,0.0,0.0,0.0,0.0,0.0
121575080.0,152023947.0,1.0,0.0,0.0,0.0,0.0,0.0
115136933.0,357830680.0,2.0,0.0,0.0,0.0,0.0,0.0
51647720.0,231379424.0,1.0,0.0,0.0,0.0,0.0,0.0
128144235.0,3367368.0,1.0,0.0,0.0,0.0,0.0,0.0
120944392.0,120198027.0,2.0,0.0,0.0,0.0,0.0,0.0
18797311.0,352694331.0,2.0,0.0,0.0,0.0,0.0,0.0
22388571.0,203116864.0,1.0,0.0,0.0,0.0,0.0,0.0
21696003.0,247651169.0,2.0,0.0,0.0,0.0,0.0,0.0
109174109.0,248416984.0,1.0,1.0,0.0,0.0,0.0,0.0
130205933.0,125203801.0,3.0,0.0,0.0,0.0,0.0,0.0
137640381.0,30516196.0,2.0,0.0,0.0,0.0,0.0,0.0
42210799.0,37436975.0,4.0,0.0,0.0,0.0,0.0,0.0
3320605.0,91703487.0,2.0,0.0,0.0,0.0,0.0,0.0
112647019.0,163763085.0,3.0,0.0,0.0,0.0,0.0,0.0
111174406.0,91113901.0,3.0,0.0,0.0,0.0,0.0,0.0
106655468.0,333561539.0,3.0,0.0,0.0,0.0,0.0,0.0
57621504.0,328478298.0,2.0,0.0,0.0,0.0,0.0,0.0
65175897.0,13886279.0,3.0,0.0,0.0,0.0,0.0,0.0
64934310.0,398933049.0,2.0,0.0,0.0,0.0,0.0,0.0
44299667.0,91697924.0,1.0,0.0,0.0,0.0,0.0,0.0
111609931.0,153579587.0,2.0,0.0,0.0,0.0,0.0,0.0
56356053.0,113790591.0,1.0,0.0,0.0,0.0,0.0,0.0
105315608.0,160246866.0,3.0,0.0,0.0,0.0,0.0,0.0
58144554.0,400143594.0,2.0,0.0,0.0,0.0,0.0,0.0
108828044.0,134632501.0,2.0,0.0,0.0,0.0,0.0,0.0
139157380.0,169001925.0,2.0,0.0,0.0,0.0,0.0,0.0
4828274.0,264999760.0,3.0,0.0,0.0,0.0,0.0,0.0
131936504.0,381079902.0,2.0,0.0,0.0,0.0,0.0,0.0
28189979.0,75432617.0,2.0,0.0,0.0,0.0,0.0,0.0
117564950.0,400405447.0,3.0,0.0,1.0,0.0,0.0,0.0
134327445.0,184077693.0,1.0,0.0,0.0,0.0,0.0,0.0
139919071.0,233234705.0,3.0,0.0,0.0,0.0,0.0,0.0
129554991.0,124928480.0,2.0,0.0,1.0,0.0,0.0,0.0
122252339.0,314879175.0,2.0,0.0,0.0,0.0,0.0,0.0
102708775.0,66528444.0,1.0,0.0,0.0,0.0,0.0,0.0
11962560.0,194515863.0,3.0,0.0,0.0,0.0,0.0,0.0
29699594.0,104202558.0,1.0,0.0,1.0,0.0,0.0,0.0
141423047.0,284489872.0,2.0,0.0,0.0,0.0,0.0,0.0
132014327.0,343611241.0,2.0,0.0,0.0,0.0,0.0,0.0
11742906.0,395684574.0,2.0,0.0,0.0,0.0,0.0,0.0
115575833.0,42906963.0,2.0,0.0,0.0,0.0,0.0,0.0
34810921.0,237820652.0,3.0,0.0,0.0,0.0,0.0,0.0
130904570.0,203387651.0,3.0,0.0,0.0,0.0,0.0,0.0
34022008.0,22481607.0,1.0,0.0,0.0,0.0,0.0,0.0
38081264.0,15535052.0,2.0,0.0,0.0,0.0,0.0,0.0
50830609.0,172358980.0,3.0,0.0,0.0,0.0,0.0,0.0
19905341.0,281863675.0,2.0,0.0,0.0,0.0,0.0,0.0
110984704.0,393809254.0,2.0,0.0,0.0,0.0,0.0,0.0
120944392.0,333431547.0,2.0,0.0,0.0,0.0,0.0,0.0
17963305.0,147478168.0,2.0,0.0,0.0,0.0,0.0,0.0
60058499.0,299820230.0,3.0,0.0,0.0,0.0,0.0,0.0
105897419.0,389414926.0,1.0,0.0,0.0,0.0,0.0,0.0
23192962.0,261417678.0,1.0,0.0,0.0,0.0,0.0,0.0
131116778.0,152521101.0,2.0,0.0,0.0,0.0,0.0,0.0
107177615.0,262866971.0,4.0,0.0,0.0,0.0,0.0,0.0
120587914.0,376120593.0,2.0,0.0,0.0,0.0,0.0,0.0
18291310.0,371338055.0,1.0,0.0,0.0,0.0,0.0,0.0
128158908.0,47680549.0,2.0,0.0,0.0,0.0,0.0,0.0
124956647.0,275465876.0,4.0,0.0,0.0,0.0,0.0,0.0
32339254.0,352454630.0,2.0,0.0,0.0,0.0,0.0,0.0
110961790.0,327996148.0,4.0,0.0,0.0,0.0,0.0,0.0
35233288.0,188730647.0,3.0,0.0,0.0,0.0,0.0,0.0
44193131.0,290559498.0,1.0,0.0,0.0,0.0,0.0,0.0
104541883.0,95361442.0,2.0,0.0,0.0,0.0,0.0,0.0
12073239.0,370395691.0,1.0,0.0,0.0,0.0,0.0,0.0
127808454.0,22261030.0,3.0,0.0,0.0,0.0,0.0,0.0
126343275.0,204713637.0,3.0,0.0,0.0,0.0,0.0,0.0
129319377.0,265832917.0,2.0,0.0,0.0,0.0,0.0,0.0
110961790.0,314489185.0,4.0,0.0,1.0,0.0,0.0,0.0
110581771.0,341963120.0,3.0,1.0,0.0,0.0,0.0,0.0
2439733.0,265940809.0,4.0,0.0,0.0,0.0,0.0,0.0
127877619.0,30965771.0,2.0,0.0,0.0,0.0,0.0,0.0
134545503.0,164123448.0,7.0,0.0,0.0,0.0,0.0,0.0
51647720.0,259495039.0,1.0,0.0,0.0,0.0,0.0,0.0
60380285.0,376813675.0,1.0,0.0,0.0,0.0,0.0,0.0
119670156.0,268034776.0,1.0,0.0,0.0,0.0,0.0,0.0
114061658.0,314420491.0,1.0,0.0,0.0,0.0,0.0,0.0
103052788.0,136785608.0,3.0,0.0,0.0,0.0,0.0,0.0
43647068.0,261714710.0,1.0,0.0,0.0,0.0,0.0,0.0
133341899.0,9573873.0,3.0,0.0,0.0,0.0,0.0,0.0
122510537.0,323508702.0,2.0,0.0,0.0,0.0,0.0,0.0
111841945.0,309422120.0,0.0,0.0,0.0,1.0,0.0,0.0
57621504.0,162251280.0,2.0,0.0,0.0,0.0,0.0,0.0
59739387.0,309767917.0,2.0,0.0,0.0,0.0,0.0,0.0
107614019.0,303278164.0,2.0,0.0,0.0,0.0,0.0,0.0
53687639.0,200233372.0,2.0,0.0,0.0,0.0,0.0,0.0
21827502.0,396882043.0,3.0,0.0,0.0,0.0,0.0,0.0
58887024.0,189606799.0,3.0,0.0,0.0,0.0,0.0,0.0
20557368.0,298422871.0,2.0,0.0,0.0,0.0,0.0,0.0
128702640.0,240958404.0,1.0,0.0,0.0,0.0,0.0,0.0
51859808.0,179419597.0,3.0,0.0,0.0,0.0,0.0,0.0
105833930.0,390634710.0,2.0,0.0,0.0,0.0,0.0,0.0
138884494.0,217014636.0,2.0,0.0,0.0,0.0,0.0,0.0
64278585.0,197720725.0,3.0,0.0,0.0,0.0,0.0,0.0
20995080.0,44523695.0,3.0,0.0,1.0,0.0,0.0,0.0
121300388.0,363427744.0,1.0,0.0,0.0,0.0,0.0,0.0
123021194.0,32315968.0,1.0,0.0,0.0,0.0,0.0,0.0
137783064.0,12327939.0,1.0,0.0,0.0,0.0,0.0,0.0
120174640.0,260334071.0,2.0,0.0,0.0,0.0,0.0,0.0
109128542.0,161527401.0,1.0,0.0,0.0,0.0,0.0,0.0
131116778.0,123225239.0,2.0,0.0,0.0,0.0,0.0,0.0
19006633.0,161172003.0,1.0,0.0,0.0,0.0,0.0,0.0
129740355.0,295943694.0,2.0,0.0,0.0,0.0,0.0,0.0
110068303.0,248338978.0,1.0,0.0,0.0,0.0,0.0,0.0
125563712.0,110777807.0,1.0,0.0,0.0,0.0,0.0,0.0
55258148.0,135374435.0,3.0,0.0,0.0,0.0,0.0,0.0
118444341.0,89580885.0,2.0,0.0,0.0,0.0,0.0,0.0
22716240.0,307147949.0,1.0,0.0,0.0,0.0,0.0,0.0
20859285.0,21550179.0,1.0,0.0,0.0,0.0,0.0,0.0
121658987.0,188682010.0,3.0,0.0,0.0,0.0,0.0,0.0
10684992.0,270787747.0,3.0,0.0,1.0,0.0,0.0,0.0
34810921.0,18023328.0,1.0,0.0,0.0,0.0,0.0,0.0
6111410.0,155541044.0,2.0,0.0,0.0,0.0,0.0,0.0
138383541.0,379709710.0,11.0,0.0,1.0,1.0,1.0,0.0
139760488.0,106136076.0,5.0,0.0,0.0,0.0,0.0,0.0
140342846.0,196190761.0,1.0,0.0,0.0,0.0,0.0,0.0
11229381.0,166453953.0,2.0,0.0,0.0,0.0,0.0,0.0
130904570.0,209507708.0,1.0,0.0,0.0,0.0,0.0,0.0
46466714.0,111163483.0,4.0,0.0,0.0,0.0,0.0,0.0
49006320.0,137406638.0,2.0,0.0,0.0,0.0,0.0,0.0
120944392.0,68688166.0,2.0,0.0,0.0,0.0,0.0,0.0
126049566.0,295383096.0,1.0,0.0,0.0,0.0,0.0,0.0
14282124.0,339560788.0,2.0,0.0,0.0,0.0,0.0,0.0
26352376.0,187720633.0,3.0,0.0,0.0,0.0,0.0,0.0
102708775.0,228316710.0,1.0,0.0,0.0,0.0,0.0,0.0
12409914.0,9761978.0,2.0,0.0,0.0,0.0,0.0,0.0
137515335.0,400058371.0,2.0,0.0,0.0,0.0,0.0,0.0
128319225.0,285216613.0,2.0,0.0,0.0,0.0,0.0,0.0
107614019.0,135676325.0,3.0,0.0,0.0,0.0,0.0,0.0
18496468.0,368153461.0,1.0,0.0,0.0,0.0,0.0,0.0
58688973.0,283619321.0,1.0,0.0,0.0,0.0,0.0,0.0
43188523.0,91960993.0,2.0,0.0,0.0,0.0,0.0,0.0
132541898.0,186407948.0,4.0,0.0,0.0,0.0,0.0,0.0
64500498.0,317350006.0,2.0,0.0,0.0,0.0,0.0,0.0
