driver,trip,Average_speed,Average_ABS_Acceleration,Average_RPM,Variance_speed,Variance_ABS_Acceleration,Variance_RPM,v_a,v_b,v_c,v_d,a_a,a_b,a_c,r_a,r_b,r_c,Catrgory
41030402427,1,6,0.218219,1209.078947,33.465922,0.154504,242766.4531,0.564121,0.224947,0.16328,0.047652,0.594954,0.288718,0.116328,0.585144,0.348283,0.066573,cluster2
41030402427,2,3,0.305416,1064.181818,24.574448,0.283866,185456.3409,0.575369,0.291626,0.133005,0,0.57734,0.210837,0.211823,0.57734,0.365517,0.057143,cluster2
41030402427,3,5,0.121377,1168.5,24.310541,0.012078,224469.14,0.574566,0.269364,0.156069,0,0.531792,0.393064,0.075145,0.56763,0.354913,0.077457,cluster2
41030402427,4,7,0.185244,1175.392593,41.511023,0.323999,260512.1507,0.498039,0.196078,0.214994,0.090888,0.685582,0.236217,0.078201,0.432757,0.505882,0.061361,cluster2
41030402427,5,9,0.255851,1311.179487,53.36958,0.440556,309291.7347,0.39738,0.131823,0.318504,0.152293,0.543395,0.299945,0.156659,0.32369,0.60726,0.06905,cluster1
41030402427,6,5,0.137464,1213.269231,24.955366,0.013413,168325.1646,0.682558,0.077907,0.239535,0,0.45,0.50814,0.04186,0.45814,0.502326,0.039535,cluster2
41030402427,7,5,0.633611,1321.142857,24.57378,0.703718,710257.8095,0.786486,0.12973,0.083784,0,0.767568,0.2,0.032432,0.778378,0.113514,0.108108,cluster0
41030402427,8,11,1.222222,1197,7.426698,1.240226,357492.6667,0,0.294118,0.705882,0,0,0,1,0.529412,0.235294,0.235294,cluster1
41030402427,9,6,0.287497,1219.418605,50.795802,0.523081,373730.4015,0.423963,0.274885,0.141244,0.159908,0.52235,0.357834,0.119816,0.485945,0.3053,0.208756,cluster2
41030402427,10,8,0.119475,1230.386792,52.90545,0.049497,332199.2299,0.535817,0.099519,0.210817,0.153846,0.770192,0.176683,0.053125,0.488702,0.469471,0.041827,cluster1
41030402427,11,3,1.281085,689.166667,31.22428,3.200438,706617.7667,0.952381,0.02381,0.02381,0,0.18254,0.555556,0.261905,0.952381,0.047619,0,cluster0
41030402427,12,8,0.710114,883.857143,61.445473,0.779875,620895.8095,0.868571,0.034286,0.062857,0.034286,0.017143,0.885714,0.097143,0.937143,0.034286,0.028571,cluster0
41030402427,13,3,0.099393,966.42,17.905045,0.012428,140559.6771,0.761388,0.163774,0.074837,0,0.712039,0.211497,0.076464,0.70987,0.29013,0,cluster0
41030402427,14,10,0.811287,1031.75,21.013374,0.233834,93040.25,0.166667,0.541667,0.291667,0,0,0.166667,0.833333,0.708333,0.291667,0,cluster2
41030402427,15,3,0.185531,1035.408163,19.058117,0.119812,193270.4966,0.736015,0.177876,0.086109,0,0.55814,0.294783,0.147077,0.681332,0.275927,0.04274,cluster0
41030402427,16,4,0.248363,1154.971429,25.528063,0.227516,258110.7933,0.658296,0.191928,0.149776,0,0.592825,0.217937,0.189238,0.603587,0.295067,0.101345,cluster0
41030402427,17,4,0.268529,1040.157143,26.229855,0.231824,254012.4822,0.733594,0.118644,0.118209,0.029552,0.510648,0.254237,0.235115,0.704911,0.232073,0.063016,cluster0
41030402427,18,7,1.158265,1126.888889,49.172164,4.40796,315215.634,0.774968,0.130215,0.082174,0.012642,0.771176,0.144121,0.084703,0.82048,0.171934,0.007585,cluster0
41030402427,19,7,0.242927,1390.730769,44.389364,0.085661,350272.8446,0.425653,0.115778,0.45857,0,0.334847,0.341657,0.323496,0.425653,0.419977,0.15437,cluster1
41030402427,20,9,0.14993,1414.98,40.882118,0.022244,256196.5098,0.197631,0.400873,0.254988,0.146509,0.429551,0.456359,0.11409,0.218828,0.694514,0.086658,cluster1
41030402427,21,5,0.182632,1224.910714,41.429548,0.035362,244954.3737,0.556342,0.257485,0.111595,0.074578,0.410996,0.366358,0.222646,0.50245,0.383778,0.113772,cluster2
41030402427,22,8,0.318412,1236.084615,61.236947,0.817994,303150.1246,0.490665,0.124222,0.118956,0.266156,0.618956,0.299665,0.081379,0.433222,0.512446,0.054332,cluster1
41030402427,23,4,1.071571,982.272727,32.428451,4.066108,312284.4182,0.582329,0.13253,0.285141,0,0.289157,0.281124,0.429719,0.590361,0.409639,0,cluster2
41030402427,24,9,1.381173,1023.666667,61.754115,1.469443,174337.3333,0.4,0,0.6,0,0.333333,0,0.666667,0.666667,0.333333,0,cluster1
41030402427,25,4,0.147438,1120.483871,29.878779,0.034185,374363.2702,0.61724,0.205747,0.177014,0,0.511031,0.329913,0.159056,0.616213,0.279117,0.104669,cluster2
41030402427,26,4,0.102755,1088.125,23.652725,0.009414,199260.629,0.589124,0.273917,0.136959,0,0.520645,0.445116,0.03424,0.590131,0.342397,0.067472,cluster2
41030402427,27,14,0.768959,1792.333333,10.596708,0.301233,187489.3333,0,0.277778,0.722222,0,0,0.388889,0.611111,0,0.611111,0.388889,cluster1
41030402427,28,5,0.135738,1115.09375,40.824124,0.026619,300897.4425,0.629907,0.061682,0.308411,0,0.599065,0.179439,0.221495,0.651402,0.252336,0.096262,cluster0
41030402427,29,10,0.210656,1386.13,42.646963,0.128719,223084.4173,0.260856,0.311153,0.203062,0.22493,0.581068,0.325836,0.093096,0.189316,0.746329,0.064355,cluster1
41030402427,30,3,0.120438,1214.538462,12.386238,0.009256,211525.1026,0.665049,0.334951,0,0,0.504854,0.495146,0,0.419903,0.495146,0.084951,cluster2
41030402427,32,10,0.234344,1325.571429,63.861778,0.426921,290206.9278,0.341158,0.107981,0.180282,0.370579,0.56964,0.364006,0.066354,0.320501,0.616588,0.062911,cluster1
41030402427,33,1,0.225503,649.673913,6.737229,0.272494,314276.9357,0.891975,0.073045,0.034979,0,0.781893,0.162551,0.055556,0.850823,0.149177,0,cluster0
41030402427,34,8,0.625,1140.833333,44.279835,0.962577,135475.3667,0.333333,0.166667,0.5,0,0.333333,0.166667,0.5,0.5,0.5,0,cluster1
41030402427,35,3,0.146401,988.416667,18.88448,0.056688,270577.3929,0.623084,0.335437,0.041479,0,0.513977,0.393147,0.092876,0.659152,0.340848,0,cluster2
41030402427,36,7,0.218063,1234.15625,29.618434,0.171101,212331.0863,0.550039,0.273651,0.146599,0.029711,0.603987,0.334246,0.061767,0.540657,0.456216,0.003127,cluster2
41030402427,37,6,0.187917,1210.58209,20.449241,0.112352,188932.7015,0.364111,0.543118,0.076655,0.016115,0.544425,0.360192,0.095383,0.36716,0.603659,0.029181,cluster2
41030402427,38,10,0.259801,1396.153846,33.675377,0.188568,211386.5641,0.211199,0.293974,0.351187,0.14364,0.329276,0.522215,0.148509,0.211808,0.724893,0.063299,cluster1
41030402427,39,7,0.256824,1273.521739,17.511387,0.278,144265.5767,0.337733,0.507965,0.154301,0,0.516614,0.431953,0.051434,0.333637,0.635867,0.030496,cluster2
41030402427,40,5,0.612999,1101.666667,27.083333,0.311756,323962.75,0.797753,0.089888,0.11236,0,0.651685,0,0.348315,0.707865,0.292135,0,cluster0
41030402427,41,2,0.10398,981.021739,18.775907,0.016565,118604.9106,0.760446,0.141365,0.098189,0,0.706128,0.220056,0.073816,0.736769,0.263231,0,cluster0
41030402427,42,5,1.670953,1379.333333,38.415638,2.331,519857.4667,0.545455,0.051948,0.402597,0,0,0.506494,0.493506,0.545455,0.103896,0.350649,cluster2
41030402427,43,6,1.049934,945.142857,39.936067,1.453489,69781.47619,0.470588,0.176471,0.352941,0,0.147059,0.205882,0.647059,0.705882,0.294118,0,cluster2
41030402427,44,4,0.167245,1106.714286,31.46066,0.042616,403925.7672,0.687285,0.077892,0.234822,0,0.542955,0.271478,0.185567,0.648339,0.247423,0.104238,cluster0
41030402427,45,3,0.238693,909.529412,16.478304,0.284815,363533.7647,0.929577,0.021767,0.048656,0,0.787452,0.190781,0.021767,0.887324,0.09475,0.017926,cluster0
41030402427,46,8,0.3619,1339.016949,29.660746,1.146516,201621.1894,0.306695,0.401728,0.214363,0.077214,0.584233,0.338553,0.077214,0.194924,0.75108,0.053996,cluster1
41030402427,47,6,0.203665,1253.333333,22.065961,0.130249,305665.2549,0.399911,0.430469,0.139504,0.030115,0.531001,0.375111,0.093888,0.343224,0.593446,0.06333,cluster2
41030402427,48,10,0.383149,1333.333333,56.919981,1.419427,371588.1548,0.223981,0.313451,0.309799,0.152769,0.409617,0.482654,0.10773,0.351795,0.517955,0.13025,cluster1
41030402427,49,6,0.20197,1257.982143,31.212537,0.110753,278778.4862,0.553699,0.180634,0.2406,0.025068,0.65741,0.251659,0.090931,0.498894,0.435488,0.065618,cluster2
41030402427,50,4,0.135078,1074.6,21.978738,0.011998,252418.4889,0.473498,0.402827,0.123675,0,0.279152,0.607774,0.113074,0.233216,0.766784,0,cluster2
41030402427,51,3,0.738687,961.818182,20.945567,0.621585,127399.9636,0.90625,0.0625,0.03125,0,0.85,0,0.15,0.9625,0.0375,0,cluster0
41030402427,52,4,0.445101,1109.829268,16.179803,1.409555,228169.9951,0.63629,0.357258,0.006452,0,0.407258,0.539516,0.053226,0.474194,0.525806,0,cluster2
41030402427,53,7,0.217954,1221.396226,35.405916,0.220615,223486.8592,0.391771,0.29994,0.222421,0.085868,0.536076,0.376267,0.087657,0.39356,0.546213,0.060227,cluster2
41030402427,54,3,0.145447,1022.861538,16.888985,0.115765,144259.8712,0.785108,0.134779,0.080113,0,0.701225,0.252121,0.046654,0.719133,0.280867,0,cluster0
41030402427,55,5,0.154329,1241.126582,30.81163,0.035803,197597.7017,0.564673,0.201669,0.233658,0,0.598748,0.247914,0.153338,0.505563,0.458275,0.036161,cluster2
41030402427,56,5,0.20081,1132.820513,28.604986,0.394856,227550.4089,0.609127,0.240079,0.110317,0.040476,0.525,0.326984,0.148016,0.560714,0.38373,0.055556,cluster2
41030402427,57,6,0.235201,1226.347826,20.101427,0.136811,190328.1419,0.467938,0.35052,0.181542,0,0.584922,0.320624,0.094454,0.435442,0.505633,0.058925,cluster2
41030402427,58,8,0.324001,1372.679245,35.719821,0.599543,272842.4144,0.423119,0.277535,0.220829,0.078517,0.43566,0.388222,0.176118,0.27699,0.667394,0.055616,cluster1
41030402427,59,4,0.20647,1163.755556,20.742689,0.138145,232800.598,0.576723,0.356957,0.06632,0,0.640442,0.327048,0.03251,0.579324,0.354356,0.06632,cluster2
41030402427,60,0,0.010737,824.8,0.233686,0.000309,11824.88571,1,0,0,0,1,0,0,0.929461,0.070539,0,cluster0
41030402427,61,9,0.109357,1375.442308,36.819958,0.01534,193178.1731,0.367579,0.218379,0.309241,0.104801,0.668043,0.250387,0.081569,0.336087,0.572019,0.091895,cluster1
41030402427,62,10,0.261594,1521.25,31.304118,0.29777,205689.8663,0.092593,0.506386,0.288633,0.112388,0.51341,0.392082,0.094508,0.092593,0.653895,0.253512,cluster1
41030402427,63,6,0.222495,1270.402597,25.638275,0.272751,254151.3226,0.493117,0.306883,0.189879,0.010121,0.522672,0.353036,0.124291,0.437247,0.485425,0.077328,cluster2
41030402427,64,10,0.16699,1447.754717,35.118888,0.069527,145794.4579,0.151177,0.348203,0.332094,0.168525,0.560099,0.312268,0.127633,0.128253,0.871747,0,cluster1
41030402427,65,8,0.186115,1278.615385,39.140551,0.111663,221205.2862,0.36809,0.229899,0.290201,0.111809,0.709799,0.25,0.040201,0.354271,0.603015,0.042714,cluster1
41030402427,66,7,0.147799,1210.76087,51.127832,0.200584,249679.8982,0.485392,0.136454,0.263612,0.114542,0.61587,0.313413,0.070717,0.433931,0.522908,0.043161,cluster1
41030402427,67,4,0.36037,1145.130435,30.516518,0.372949,205795.1186,0.615051,0.18958,0.195369,0,0.413893,0.280753,0.305355,0.567294,0.42547,0.007236,cluster2
41030402427,68,5,0.165013,1198.1,32.880726,0.021275,198886.6211,0.425039,0.250386,0.324575,0,0.406491,0.33694,0.256569,0.469861,0.530139,0,cluster2
41030402427,69,3,0.291837,1063.840909,10.671802,0.525436,120841.6718,0.639528,0.360472,0,0,0.901802,0.084525,0.013673,0.555625,0.444375,0,cluster0
41030402427,70,7,0.233346,1309.107143,30.402459,0.088511,185558.0992,0.477448,0.185919,0.29923,0.037404,0.537954,0.223322,0.238724,0.418042,0.545655,0.036304,cluster2
41030402427,71,1,0.086913,915.352941,4.987632,0.013743,122194.9926,0.929752,0.070248,0,0,0.710744,0.272727,0.016529,0.708678,0.291322,0,cluster0
41030402427,72,2,0.078458,953.40678,10.894151,0.018494,77536.65926,0.78931,0.193046,0.017644,0,0.728594,0.234561,0.036845,0.75506,0.24494,0,cluster0
41030402427,73,4,0.195341,1132.625,24.076252,0.082063,161677.5323,0.58381,0.22381,0.192381,0,0.557143,0.270476,0.172381,0.524762,0.475238,0,cluster2
41030402427,74,3,0.159306,1044.318182,16.544442,0.099459,131688.0825,0.765188,0.165188,0.069625,0,0.645051,0.256655,0.098294,0.623891,0.346758,0.029352,cluster0
41030402427,75,4,0.26522,1083.215385,21.579601,0.485199,219409.8904,0.739465,0.160132,0.098937,0.001466,0.713815,0.209967,0.076218,0.686698,0.312569,0.000733,cluster0
41030402427,76,4,0.255667,1165.263158,24.226858,0.386151,309038.2532,0.57309,0.244186,0.182724,0,0.521595,0.362957,0.115449,0.519103,0.416113,0.064784,cluster2
41030402427,77,11,0.147883,1453.065217,55.890626,0.03871,212547.0845,0.233244,0.158847,0.276139,0.331769,0.613271,0.302949,0.08378,0.211126,0.698391,0.090483,cluster1
41030402427,78,5,0.112272,1225.157895,10.53895,0.008927,141531.5848,0.489256,0.454545,0.056198,0,0.624793,0.350413,0.024793,0.404959,0.538843,0.056198,cluster2
41030402427,79,3,0.159146,1019.65,22.736974,0.196451,162238.2992,0.739788,0.13767,0.122542,0,0.680787,0.198185,0.121029,0.754413,0.245587,0,cluster0
41030402427,80,4,0.549069,1148.608696,29.046199,2.402143,229239.0672,0.695291,0.199446,0,0.105263,0.479224,0.407202,0.113573,0.65928,0.240997,0.099723,cluster0
41030402427,81,7,0.169697,1291.491525,18.63825,0.079032,180274.7025,0.331579,0.457368,0.193684,0.017368,0.551053,0.393684,0.055263,0.374211,0.590526,0.035263,cluster2
41030402427,82,11,0.328468,1489.155556,35.633729,1.097111,134893.5434,0.168798,0.238491,0.247442,0.345269,0.540921,0.368926,0.090153,0.124041,0.83312,0.042839,cluster1
41030402427,83,8,0.20177,1368.340909,59.021207,0.414086,300785.9974,0.413324,0.1601,0.287966,0.13861,0.55659,0.269699,0.173711,0.404728,0.496777,0.098496,cluster1
41030402427,84,0,0.021539,949.090909,1.902791,0.001644,53996.94372,1,0,0,0,0.902158,0.097842,0,0.690647,0.309353,0,cluster0
41030402427,85,2,0.077687,1027.285714,11.895209,0.006172,146289.2143,0.75072,0.24928,0,0,0.694524,0.305476,0,0.704611,0.295389,0,cluster0
41030402427,86,5,0.582672,894.571429,29.056437,0.675157,66195.28571,0.663366,0.277228,0.059406,0,0.613861,0,0.386139,0.80198,0.19802,0,cluster0
41030402427,87,5,0.24854,1156.826087,26.160457,0.11876,270043.5138,0.522273,0.271889,0.205837,0,0.330261,0.474654,0.195084,0.522273,0.399386,0.078341,cluster2
41030402427,88,5,0.132098,1182.894309,45.721074,0.082341,290644.5379,0.587636,0.232828,0.105874,0.073662,0.656324,0.27783,0.065846,0.557082,0.372809,0.070109,cluster2
41030402427,89,6,0.164213,1178.6,33.337104,0.095019,189796.406,0.541545,0.20581,0.200405,0.05224,0.516325,0.381446,0.102229,0.473542,0.492457,0.034001,cluster2
41030402427,90,7,0.20929,1262.786885,32.152862,0.128273,207070.9372,0.468379,0.288635,0.194009,0.048978,0.568711,0.324774,0.106515,0.483119,0.430338,0.086543,cluster2
41030402427,91,4,0.098845,1174.565217,23.446204,0.011057,206114.7845,0.664042,0.203412,0.132546,0,0.580052,0.375328,0.044619,0.48622,0.44685,0.066929,cluster2
41030402427,92,4,0.138351,1125.784946,25.18722,0.045343,188113.7793,0.660458,0.213754,0.125788,0,0.743266,0.176504,0.080229,0.453295,0.501719,0.044986,cluster2
41030404087,1,5,0.135159,1086.66,24.959335,0.021558,192490.0246,0.547886,0.264303,0.187811,0,0.512645,0.39262,0.094735,0.515133,0.471393,0.013474,cluster2
41030404087,2,4,0.192257,1081.267442,29.120473,0.222604,205945.0041,0.628448,0.232378,0.102939,0.036236,0.630251,0.297278,0.072472,0.548945,0.417884,0.033171,cluster2
41030404087,3,4,0.123066,1012.362162,23.711792,0.044304,175304.5366,0.657386,0.241729,0.096462,0.004422,0.658533,0.253685,0.087783,0.653128,0.310842,0.03603,cluster0
41030404087,4,5,0.221786,1080.407692,42.973196,0.329212,171494.5689,0.607296,0.121258,0.179874,0.091572,0.636226,0.261132,0.102642,0.588176,0.395975,0.015849,cluster2
41030404087,6,6,0.255148,1167.801587,29.629081,0.295182,219809.9683,0.442253,0.33688,0.186089,0.034778,0.492344,0.294576,0.213081,0.478848,0.47755,0.043602,cluster2
41030404087,7,3,0.108632,947.915254,17.304605,0.014962,86687.90649,0.700986,0.264513,0.034502,0,0.594743,0.319825,0.085433,0.656627,0.343373,0,cluster0
41030404087,8,7,0.141704,1211.789474,31.766126,0.174859,162267.6069,0.478261,0.235592,0.229272,0.056876,0.64004,0.313701,0.046259,0.388271,0.568756,0.042973,cluster2
41030404087,9,6,0.212792,1092.281481,37.668098,0.353983,171163.3082,0.576914,0.171605,0.183219,0.068263,0.586395,0.270206,0.143399,0.527139,0.448685,0.024176,cluster2
41030404087,10,11,0.319155,1412.523077,50.243835,0.772996,224397.7846,0.224861,0.145023,0.390096,0.24002,0.509853,0.303183,0.186963,0.24861,0.655887,0.095503,cluster1
41030404087,11,8,0.122252,1150.763889,40.479373,0.028476,176781.5914,0.404246,0.211411,0.242371,0.141973,0.636002,0.315789,0.048209,0.477665,0.522335,0,cluster2
41030404087,12,2,0.138573,1005.64,11.889918,0.037541,124731.49,0.77424,0.17945,0.04631,0,0.465991,0.502171,0.031838,0.629522,0.370478,0,cluster0
41030404087,13,4,0.10425,1035.248062,27.458173,0.047372,172938.6724,0.622047,0.233834,0.123598,0.02052,0.720592,0.238368,0.04104,0.581007,0.379623,0.03937,cluster2
41030404087,14,6,0.092627,1103.459627,36.776572,0.010755,173270.2499,0.505975,0.216454,0.2143,0.063271,0.688149,0.268364,0.043487,0.524192,0.475808,0,cluster2
41030404087,15,1,0.679012,759.333333,2.031893,0.482968,710.33333,1,0,0,0,0.807692,0,0.192308,1,0,0,cluster0
41030404087,16,5,0.152507,1151.706767,25.66926,0.046119,219853.027,0.512506,0.290765,0.181578,0.015152,0.506253,0.359067,0.13468,0.503608,0.443242,0.053151,cluster2
41030404087,17,5,0.156525,1035.416058,37.676402,0.173528,170198.48,0.649965,0.148695,0.117063,0.084276,0.604479,0.296929,0.098592,0.588317,0.389056,0.022628,cluster2
41030404087,18,5,0.174732,1128.401408,27.317748,0.182932,191704.3129,0.508003,0.313747,0.165753,0.012497,0.577724,0.294014,0.128261,0.483008,0.4738,0.043192,cluster2
41030404087,19,5,0.12766,1133.914729,38.533349,0.026132,220893.9849,0.524486,0.291381,0.106024,0.07811,0.567336,0.363369,0.069295,0.496817,0.455681,0.047502,cluster2
41030404087,20,6,0.169734,1137.276423,30.709362,0.02512,188474.9558,0.447565,0.270033,0.234991,0.04741,0.461737,0.309972,0.228292,0.459675,0.504509,0.035816,cluster2
41030404087,21,6,0.220905,1131.127119,29.81664,0.456495,172726.6076,0.511933,0.310807,0.142934,0.034326,0.512202,0.374363,0.113435,0.510324,0.472781,0.016895,cluster2
41030404087,22,5,0.131621,1057.868966,22.957265,0.022087,159441.2952,0.544486,0.289754,0.159017,0.006744,0.532304,0.361323,0.106374,0.541223,0.434849,0.023929,cluster2
41030404087,23,5,0.158546,1049.305344,34.799147,0.164436,183852.7522,0.618788,0.19806,0.10672,0.076432,0.612873,0.273545,0.113583,0.643398,0.340038,0.016564,cluster2
41030404087,24,5,0.2482,1083.702479,29.592622,0.441048,174383.6441,0.635868,0.197768,0.115494,0.050869,0.642616,0.257462,0.099922,0.603166,0.370101,0.026732,cluster2
41030404087,25,5,0.121693,1064.066667,25.116955,0.015573,160873.4787,0.542233,0.297065,0.149606,0.011095,0.542233,0.355047,0.10272,0.563708,0.425197,0.011095,cluster2
41030404087,26,3,0.072315,935.837989,25.975862,0.010221,129879.6309,0.767516,0.118025,0.077732,0.036727,0.694955,0.248707,0.056338,0.755037,0.239258,0.005705,cluster0
41030404087,27,2,0.104339,937.824074,13.909695,0.012924,128599.7351,0.782557,0.17914,0.038303,0,0.597525,0.362994,0.039481,0.741897,0.248674,0.009428,cluster0
41030404087,28,4,0.267612,1125.814815,16.473656,0.19539,228805.3875,0.5625,0.362269,0.075231,0,0.533565,0.41088,0.055556,0.590278,0.369213,0.040509,cluster2
41030404087,29,2,0.111843,837.678571,11.870877,0.031096,56650.59656,0.844848,0.116364,0.038788,0,0.673939,0.275152,0.050909,0.843636,0.156364,0,cluster0
41030404087,30,7,0.108139,1092.293706,41.335659,0.077865,177608.5469,0.507962,0.151501,0.260919,0.079618,0.764786,0.205641,0.029572,0.532757,0.434031,0.033212,cluster2
41030404087,31,3,0.1724,949.09434,22.356833,0.131203,133287.9332,0.746632,0.127004,0.126363,0,0.640154,0.286722,0.073124,0.68313,0.296344,0.020526,cluster0
41030404087,32,8,0.094369,1195.673469,51.606847,0.013659,209981.8717,0.445567,0.196871,0.168514,0.189048,0.63103,0.306063,0.062907,0.452412,0.516623,0.030965,cluster1
41030404087,33,0,0.006771,880.670455,0.059302,0.003508,606909.258,1,0,0,0,0.998963,0,0.001037,0.965008,0,0.034992,cluster0
41030404087,34,5,0.172744,1082.181818,25.015369,0.103985,161755.5876,0.579289,0.264017,0.15,0.006695,0.488703,0.407531,0.103766,0.551883,0.434937,0.01318,cluster2
41030404087,35,6,0.20137,1089.571429,35.983672,0.149273,150689.5182,0.557771,0.151598,0.227533,0.063098,0.560776,0.265774,0.17345,0.519257,0.462988,0.017755,cluster2
41030404087,36,5,0.154733,1091.507463,28.081415,0.046953,175316.6278,0.582218,0.199138,0.19619,0.022454,0.54729,0.298934,0.153776,0.55795,0.413019,0.029032,cluster2
41030404087,37,4,0.103018,1036.474684,32.631781,0.022177,220697.8943,0.655867,0.167325,0.129988,0.046819,0.662584,0.273607,0.063809,0.657448,0.301264,0.041288,cluster0
41030404087,38,5,0.140085,1048.446667,24.639241,0.040774,162478.2622,0.522675,0.299093,0.178232,0,0.492512,0.401814,0.105674,0.58553,0.400759,0.01371,cluster2
41030404087,39,4,0.268981,1032.069307,35.445025,1.019611,169585.1051,0.695503,0.137414,0.101187,0.065896,0.529669,0.310743,0.159588,0.633666,0.321986,0.044347,cluster0
41030404087,40,6,0.537843,1113.21875,32.073875,1.23338,140542.6925,0.541748,0.15534,0.302913,0,0.869903,0.068932,0.061165,0.420388,0.579612,0,cluster2
41030404087,41,6,0.17888,1085.936,21.005575,0.079254,155158.0765,0.497295,0.360216,0.111569,0.03092,0.418449,0.455553,0.125998,0.528987,0.454264,0.016748,cluster2
41030404087,42,4,0.119993,1045.84375,23.007439,0.013189,157454.5232,0.526261,0.336134,0.137605,0,0.526261,0.440126,0.033613,0.559874,0.440126,0,cluster2
41030404087,43,4,0.114152,1075.217391,18.340192,0.012278,174143.4628,0.595938,0.313025,0.091036,0,0.478992,0.430672,0.090336,0.52591,0.427871,0.046218,cluster2
41030404087,44,3,0.119231,960.326087,23.190377,0.072196,125604.7455,0.682227,0.239413,0.051517,0.026842,0.689063,0.244582,0.066355,0.637713,0.351617,0.01067,cluster0
41030404087,45,4,0.166834,1134.85,12.804378,0.021015,119831.6079,0.660682,0.186715,0.152603,0,0.524237,0.312388,0.163375,0.409336,0.590664,0,cluster2
41030404087,46,2,0.061555,870.857143,8.348565,0.005361,86704.48831,0.877468,0.103949,0.018583,0,0.801974,0.179443,0.018583,0.839721,0.159117,0.001161,cluster0
41030404087,47,5,0.210007,1098.112903,23.351117,0.304794,154702.7839,0.543315,0.297947,0.150976,0.007762,0.520781,0.410616,0.068603,0.552328,0.439409,0.008262,cluster2
41030404087,48,5,0.62427,952,13.653121,0.596654,62810.5,0.33913,0.66087,0,0,0.452174,0.517391,0.030435,0.482609,0.517391,0,cluster2
41030404087,49,3,0.088795,967.571429,13.360156,0.006255,126110.9571,0.634375,0.365625,0,0,0.595313,0.404688,0,0.685938,0.314063,0,cluster0
41030404087,50,3,0.366138,1031.5,7.596022,0.266412,80167.16667,0.616279,0.383721,0,0,0.72093,0.186047,0.093023,0.145349,0.854651,0,cluster2
41030404087,51,7,0.2385,1066.046875,56.840875,0.285822,156537.5057,0.574615,0.092937,0.156134,0.176314,0.648964,0.269251,0.081784,0.559745,0.440255,0,cluster2
41030404087,52,2,0.178742,953.48718,13.97011,0.223826,171089.6775,0.797491,0.146953,0.055556,0,0.817204,0.173835,0.008961,0.786738,0.181004,0.032258,cluster0
41030404087,53,5,0.118399,1069.764706,27.170139,0.018863,153203.9412,0.543611,0.194726,0.261663,0,0.454361,0.460446,0.085193,0.521298,0.478702,0,cluster2
41030404087,54,0,0.025255,771.156757,2.4016,0.021052,16485.60029,0.982977,0.016518,0.000506,0,0.957526,0.041969,0.000506,0.950447,0.049553,0,cluster0
41030404087,55,1,0.198368,805.444444,7.189336,0.180792,76485.64103,0.941606,0.058394,0,0,0.894566,0.098946,0.006488,0.931062,0.068938,0,cluster0
41030404087,56,2,0.095382,931.062271,18.024933,0.023305,149095.7645,0.797164,0.114434,0.077877,0.010524,0.68849,0.237953,0.073557,0.748421,0.236623,0.014955,cluster0
41030404087,57,7,0.126929,1127.566667,38.227379,0.02021,163599.165,0.449414,0.291267,0.13951,0.119808,0.629393,0.193291,0.177316,0.524494,0.475506,0,cluster2
41030404087,58,10,0.141195,1244.629032,44.754882,0.083087,139009.188,0.346113,0.171744,0.247374,0.234769,0.682773,0.280987,0.036239,0.314601,0.685399,0,cluster1
41030404087,59,5,0.099216,1054.273196,34.16851,0.027186,163446.7281,0.590321,0.222484,0.138296,0.048899,0.714334,0.240296,0.045371,0.573349,0.409679,0.016972,cluster2
41030404087,60,2,0.066768,891.141732,25.101974,0.033095,139094.9004,0.809556,0.096011,0.065585,0.028848,0.869056,0.100293,0.030651,0.800541,0.192472,0.006987,cluster0
41030404087,61,3,0.100211,934.56579,25.082297,0.022153,142625.7705,0.746561,0.128595,0.111922,0.012922,0.663401,0.253022,0.083576,0.745311,0.234681,0.020008,cluster0
41030404087,63,7,0.129652,1151.37234,31.124162,0.041791,165984.9674,0.386631,0.415855,0.121935,0.075579,0.729594,0.223379,0.047027,0.459859,0.535102,0.005039,cluster2
41030404087,64,6,0.218349,1149.525424,28.511048,0.254408,180601.7216,0.429244,0.342924,0.194873,0.032958,0.459848,0.420612,0.11954,0.457756,0.500131,0.042114,cluster2
41030404087,65,4,0.168508,1172.3,24.747085,0.01728,114813.7889,0.617188,0.253906,0.128906,0,0.242188,0.632813,0.125,0.285156,0.714844,0,cluster2
41030404087,66,5,0.140958,1062.128788,31.374723,0.059082,169668.3421,0.690432,0.109382,0.137947,0.062239,0.613562,0.284022,0.102415,0.545518,0.429865,0.024617,cluster2
41030404087,67,6,0.121828,1110.951613,25.268549,0.012514,171540.3391,0.449758,0.321292,0.220555,0.008395,0.502925,0.397609,0.099466,0.495294,0.488171,0.016535,cluster2
41030404087,68,7,0.131103,1143.504873,52.299226,0.071543,206439.2661,0.532449,0.140624,0.172191,0.154735,0.635849,0.279606,0.084545,0.5288,0.430996,0.040204,cluster2
41030404087,69,6,0.147456,1127.857143,45.594279,0.026766,199834.2718,0.544428,0.141566,0.265813,0.048193,0.54744,0.212349,0.240211,0.50753,0.468373,0.024096,cluster2
41030404087,70,0,0.031437,806.911111,3.169192,0.004155,59219.53737,0.975818,0.024182,0,0,0.822902,0.163585,0.013514,0.918208,0.081792,0,cluster0
41030404087,71,2,0.178103,954.615385,13.157895,0.215255,254172.1903,0.744186,0.227575,0.028239,0,0.861296,0.130399,0.008306,0.880399,0.107143,0.012458,cluster0
41030404087,72,6,0.147577,1065.016393,33.348512,0.246964,148150.8497,0.40582,0.320106,0.260317,0.013757,0.738624,0.202646,0.05873,0.589418,0.39418,0.016402,cluster2
41030404087,73,7,0.102005,1158.072165,45.798366,0.018985,215108.6927,0.494658,0.191,0.165749,0.148592,0.626093,0.351246,0.022661,0.517643,0.459696,0.022661,cluster2
41030404087,74,2,0.070273,889.241379,10.843453,0.006259,85520.01089,0.788313,0.194046,0.017641,0,0.746417,0.218302,0.035281,0.798236,0.201764,0,cluster0
41030404087,75,6,0.083743,1086.674157,51.467803,0.014194,228194.1313,0.629684,0.113496,0.101128,0.155693,0.777374,0.196071,0.026555,0.662423,0.293925,0.043652,cluster0
41030404087,76,7,0.175071,1195.012048,34.726553,0.239095,191791.9145,0.349159,0.387664,0.174206,0.088972,0.580561,0.330467,0.088972,0.445981,0.535701,0.018318,cluster2
41030404087,77,3,0.121584,1214.642857,10.092338,0.012911,318862.0934,0.708531,0.291469,0,0,0.545024,0.443128,0.011848,0.554502,0.291469,0.154028,cluster2
41030404087,78,5,0.166533,1138.583333,31.243946,0.040986,170776.5035,0.495885,0.308642,0.151578,0.043896,0.503429,0.360768,0.135802,0.522634,0.477366,0,cluster2
41030404087,79,5,0.146755,1113.76259,28.756681,0.043717,179970.3998,0.522412,0.327418,0.115131,0.03504,0.522412,0.370193,0.107395,0.561092,0.41661,0.022298,cluster2
41030404087,80,3,0.147674,985.928934,21.77768,0.141525,130400.301,0.704549,0.151063,0.076696,0.067691,0.709828,0.22481,0.065363,0.640584,0.353206,0.00621,cluster0
41030404087,81,6,0.153043,1186.136,27.915641,0.018469,214928.6991,0.458006,0.351941,0.157574,0.032479,0.432124,0.4339,0.133976,0.476783,0.464857,0.058361,cluster2
41030404087,82,4,0.129415,1035.088435,25.026777,0.065983,128990.0401,0.646349,0.239442,0.075515,0.038694,0.617641,0.329936,0.052424,0.561681,0.424797,0.013522,cluster2
41030404087,83,6,0.111299,1140.021858,34.563801,0.0174,181530.7907,0.560586,0.213204,0.147679,0.078531,0.598288,0.332071,0.069641,0.536878,0.441883,0.021238,cluster2
41030404087,84,11,0.150501,1426.038961,62.323132,0.018809,254229.5116,0.270952,0.192433,0.227421,0.309194,0.489829,0.37022,0.139951,0.268918,0.630187,0.100895,cluster1
41030404087,85,6,0.203485,1167.156522,28.699878,0.079391,174730.9753,0.384158,0.344837,0.244696,0.026308,0.380764,0.450354,0.168883,0.428854,0.56181,0.009335,cluster2
41030404087,86,12,0.166681,1488.481982,78.112193,0.100139,391686.658,0.369981,0.171982,0.169606,0.28843,0.642527,0.29606,0.061413,0.403502,0.381989,0.214509,cluster1
41030404087,87,7,0.127591,1219.457627,48.90433,0.034706,306408.0111,0.544088,0.099198,0.26002,0.096693,0.70491,0.161323,0.133768,0.527054,0.38978,0.083166,cluster2
41030404087,88,3,0.092493,1065.043478,20.126385,0.009221,157546.9526,0.652516,0.253145,0.09434,0,0.595912,0.347484,0.056604,0.501572,0.498428,0,cluster2
41030404087,89,4,0.088775,1081.941176,20.311365,0.006764,127545.6838,0.533881,0.334702,0.131417,0,0.560575,0.37577,0.063655,0.457906,0.542094,0,cluster2
41030404087,90,3,0.193046,1145.333333,14.390432,0.07891,382427,0.738776,0.261224,0,0,0.595918,0.387755,0.016327,0.722449,0.016327,0.261224,cluster0
41030404087,91,4,0.135715,1264.333333,13.170868,0.04091,271557.5,0.594017,0.405983,0,0,0.581197,0.405983,0.012821,0.320513,0.542735,0.136752,cluster2
41030404087,92,7,0.138718,1247.4,43.441061,0.032205,306325.8688,0.440953,0.132286,0.345666,0.081095,0.505829,0.393817,0.100355,0.438419,0.447542,0.11404,cluster1
41030404087,93,6,0.107449,1146.630769,30.875067,0.0159,261613.3303,0.405902,0.281084,0.313014,0,0.646831,0.220126,0.133043,0.515239,0.422835,0.061925,cluster2
41030404087,94,12,0.13614,1382.675182,73.512902,0.085759,311444.6817,0.327191,0.135373,0.162262,0.375174,0.652295,0.276426,0.07128,0.337274,0.50904,0.153686,cluster1
41030404087,95,2,0.177965,933.942857,15.17111,0.32624,122614.5159,0.754284,0.196756,0.04896,0,0.641065,0.304468,0.054468,0.727968,0.272032,0,cluster0
41030404087,96,5,0.145362,1087.808824,25.58016,0.019303,171733.4405,0.5179,0.34463,0.091169,0.046301,0.487351,0.372792,0.139857,0.567064,0.402387,0.030549,cluster2
41031400114,1,2,0.225614,1195.4,5.385802,0.058617,32317.3,1,0,0,0,0.465753,0.383562,0.150685,0,1,0,cluster2
41031400114,2,12,0.223016,1590.244898,74.39214,0.265512,304739.96,0.249843,0.189189,0.132307,0.428661,0.597109,0.291955,0.110937,0.210559,0.531741,0.2577,cluster1
41031400114,3,9,0.158141,1435.902062,71.166567,0.15958,279254.3582,0.380866,0.195596,0.238117,0.185421,0.657859,0.256188,0.085953,0.283827,0.567502,0.148671,cluster1
41031400114,4,5,0.166612,1230.067308,21.714283,0.08965,106769.1508,0.456997,0.403633,0.130003,0.009367,0.652853,0.285268,0.061879,0.287539,0.703094,0.009367,cluster2
41031400114,5,2,0.115074,1140,6.03689,0.033232,60420.66667,0.851675,0.148325,0,0,0.789474,0.148325,0.062201,0.354067,0.645933,0,cluster0
41031400114,6,8,0.165537,1355.767313,65.974475,0.183717,229904.1013,0.511466,0.150123,0.130467,0.207944,0.660606,0.28665,0.052744,0.279853,0.594021,0.126126,cluster1
41031400114,7,4,0.208364,1211.125,30.327932,0.039115,145550.25,0.565657,0.290909,0.143434,0,0.430303,0.353535,0.216162,0.367677,0.549495,0.082828,cluster2
41031400114,8,9,0.164602,1429.276923,53.680059,0.094238,172519.7367,0.371711,0.151551,0.226269,0.25047,0.609727,0.25,0.140273,0.200893,0.718045,0.081062,cluster1
41031400114,9,8,0.196921,1438.705882,53.342543,0.506362,425536.2295,0.388162,0.264426,0.168947,0.178465,0.505057,0.396193,0.098751,0.348007,0.456573,0.195419,cluster1
41031400114,10,10,0.158826,1410.076923,56.783559,0.043949,243934.2537,0.275975,0.234497,0.203696,0.285832,0.597947,0.342505,0.059548,0.272279,0.577823,0.149897,cluster1
41031400114,11,7,0.108899,1160.230769,42.027651,0.014795,189049.6052,0.492477,0.23979,0.165273,0.10246,0.64557,0.24791,0.10652,0.430619,0.508001,0.06138,cluster2
41031400114,12,7,0.168878,1266.945946,40.299791,0.02474,148186.7192,0.434109,0.165375,0.315245,0.085271,0.409991,0.38932,0.200689,0.285099,0.714901,0,cluster1
41031400114,13,5,0.224633,1089.37931,32.195391,0.390157,137182.9764,0.619718,0.222644,0.151138,0.006501,0.552004,0.36403,0.083965,0.569339,0.425244,0.005417,cluster2
41031400114,14,13,0.107296,1607.588235,46.501883,0.013908,200952.6936,0.098324,0.224286,0.271862,0.405528,0.65111,0.249207,0.099683,0.044857,0.738106,0.217037,cluster1
41031400114,15,7,0.263812,1328.454545,30.143098,0.110904,168811.6727,0.271875,0.315625,0.4125,0,0.246875,0.625,0.128125,0.14375,0.85625,0,cluster1
41031400114,16,10,0.148846,1498.89,85.776554,0.049496,306129.412,0.424674,0.132562,0.137307,0.305457,0.604093,0.304864,0.091044,0.300415,0.492289,0.207295,cluster1
41031400114,17,11,0.22098,1493.835938,95.414703,0.488226,392147.839,0.423729,0.078265,0.154287,0.343719,0.6832,0.1832,0.133599,0.255484,0.518694,0.225823,cluster1
41031400114,18,6,0.116042,1163.767857,37.268318,0.024192,134685.2724,0.489519,0.203453,0.286683,0.020345,0.681874,0.215166,0.102959,0.347102,0.652898,0,cluster2
41031400114,19,8,0.180015,1327.703125,49.828972,0.157106,223620.7517,0.456814,0.153551,0.264875,0.12476,0.666027,0.302303,0.03167,0.360365,0.578695,0.06094,cluster1
41031400114,20,2,0.062188,1106.666667,8.800973,0.00343,114713.3333,0.809783,0.190217,0,0,0.728261,0.271739,0,0.36413,0.63587,0,cluster2
41031400114,21,14,0.173547,1593.22973,78.953454,0.079359,380394.015,0.421234,0.143744,0.115477,0.319545,0.689417,0.202344,0.108239,0.387797,0.357118,0.255084,cluster1
41031400114,23,4,0.366243,961.833333,28.639988,0.294488,189109.9697,0.672185,0.109272,0.218543,0,0.284768,0.380795,0.334437,0.625828,0.374172,0,cluster2
41031400114,24,5,0.107325,1222.75,24.50948,0.009464,235675.6429,0.423581,0.432314,0.144105,0,0.49345,0.50655,0,0.497817,0.502183,0,cluster2
41031400114,25,6,0.719418,1597.666667,56.471193,0.297871,101928.2667,0.219697,0.030303,0.257576,0.492424,0,0.75,0.25,0,0.507576,0.492424,cluster1
41031400114,26,12,0.15533,1619.863158,81.366181,0.038725,272181.0343,0.282068,0.148233,0.167539,0.40216,0.573953,0.246073,0.179974,0.144306,0.57199,0.283704,cluster1
41031400114,27,9,0.146617,1356.39823,45.1439,0.045189,149456.5275,0.35697,0.09025,0.41069,0.14209,0.684394,0.238517,0.077088,0.271824,0.678754,0.049423,cluster1
41031400114,28,2,0.061177,1126.5,0.617284,0.000137,14280.5,1,0,0,0,1,0,0,0,1,0,cluster2
41031400114,29,4,0.204002,1081.545455,15.354938,0.055909,32945.27273,0.688427,0.21365,0.097923,0,0.566766,0.317507,0.115727,0.175074,0.824926,0,cluster2
41031400114,30,7,0.436433,1365.375,18.660439,0.371704,105268.8393,0.426901,0.403509,0.169591,0,0.385965,0.567251,0.046784,0,1,0,cluster2
41031400114,31,6,0.143796,1217.842697,41.186247,0.196471,135529.8282,0.576277,0.133528,0.210319,0.079877,0.634213,0.260027,0.105759,0.449434,0.51097,0.039595,cluster2
41031400114,32,4,0.08067,1078.642857,27.213102,0.022123,145655.9053,0.787531,0.067519,0.101135,0.043816,0.828042,0.145525,0.026433,0.549634,0.418331,0.032036,cluster0
41031400114,33,5,0.16605,1239.174699,27.951458,0.178132,103636.0844,0.570035,0.227342,0.175046,0.027577,0.65243,0.306205,0.041365,0.36035,0.634101,0.005549,cluster2
41031400114,34,2,0.076369,1115.432203,11.413337,0.007338,100191.8543,0.778352,0.196073,0.025575,0,0.716869,0.257556,0.025575,0.477654,0.505296,0.01705,cluster0
41031400114,35,4,0.13577,1203.492308,29.475842,0.095286,116437.6317,0.662495,0.182348,0.115019,0.040138,0.72896,0.198964,0.072076,0.362754,0.618041,0.019206,cluster2
41031400114,36,6,0.159344,1267.672316,32.891791,0.35947,166392.892,0.616974,0.221869,0.108709,0.052448,0.784488,0.186586,0.028926,0.362683,0.587095,0.050223,cluster2
41031400114,37,4,0.086575,1149.909091,31.577055,0.013749,89958.77273,0.748538,0.114453,0.110276,0.026734,0.802005,0.142857,0.055138,0.451128,0.548872,0,cluster2
41031400114,38,5,0.133527,1299.232558,30.917774,0.045618,216869.4208,0.579495,0.199108,0.170134,0.051263,0.500743,0.497771,0.001486,0.309807,0.615156,0.075037,cluster2
41031400114,39,8,0.093182,1375.804878,36.385271,0.023357,124670.1256,0.332056,0.226054,0.312644,0.129246,0.729757,0.213793,0.05645,0.144317,0.814559,0.041124,cluster1
41031400114,40,6,0.192033,1218.892857,21.741704,0.065935,127604.3214,0.537782,0.328754,0.133464,0,0.687929,0.234544,0.077527,0.368989,0.631011,0,cluster2
41031400114,41,7,0.200078,1242.232558,20.458554,0.191542,77651.89701,0.262053,0.530327,0.207621,0,0.605754,0.328149,0.066096,0.220062,0.779938,0,cluster2
41031400114,42,8,0.096616,1267.066667,47.682882,0.014189,162515.5851,0.423503,0.120678,0.343503,0.112316,0.715254,0.165876,0.11887,0.338757,0.629831,0.031412,cluster1
41031400114,43,3,0.739766,1141,6.481481,0.64761,43708,0.814815,0.185185,0,0,0,0.703704,0.296296,0.703704,0.296296,0,cluster2
41031400114,44,11,0.147789,1552.722689,62.883011,0.029328,209297.5411,0.299559,0.138119,0.13475,0.427572,0.597046,0.213527,0.189427,0.172843,0.644467,0.18269,cluster1
41031400114,45,0,0,838.661017,0,0,96335.09001,1,0,0,0,1,0,0,1,0,0,cluster0
41031400114,46,8,0.327419,1549.933333,58.594881,0.246417,196959.7195,0.516539,0.012723,0.221374,0.249364,0.498728,0.048346,0.452926,0.215013,0.575064,0.209924,cluster1
41031400114,47,9,0.189633,1377.272727,48.298739,0.221761,147598.8,0.384477,0.255544,0.193914,0.166065,0.601857,0.283394,0.11475,0.208613,0.695977,0.09541,cluster1
41031400114,48,11,0.189493,1536.208054,50.87181,0.106535,214133.0983,0.234834,0.167195,0.310505,0.287466,0.599873,0.271401,0.128725,0.161911,0.732615,0.105475,cluster1
41031400114,49,11,0.193768,1465.066667,47.539236,0.097849,205545.7577,0.339178,0.195982,0.254977,0.209863,0.541005,0.352877,0.106119,0.306667,0.61242,0.080913,cluster1
41031400114,50,6,0.197697,1164.780488,34.182569,0.181467,153508.6756,0.504484,0.166667,0.294469,0.03438,0.705531,0.268311,0.026158,0.429746,0.570254,0,cluster2
41031400114,51,4,0.064188,1005.069444,33.752765,0.006098,124293.7275,0.744146,0.128361,0.075022,0.052472,0.695143,0.274068,0.030789,0.650477,0.346054,0.003469,cluster0
41031400114,52,8,0.099462,1254.982143,39.200212,0.045375,138735.8555,0.456292,0.126949,0.322105,0.094655,0.709076,0.255568,0.035356,0.260022,0.720212,0.019766,cluster1
41031400114,53,5,0.213891,1133.820513,35.017536,0.040277,194105.0459,0.60033,0.151941,0.227085,0.020644,0.464079,0.244426,0.291495,0.464079,0.50289,0.033031,cluster2
41031400114,54,6,0.152081,1217.98125,33.338159,0.050923,191421.1757,0.537695,0.193186,0.249728,0.019391,0.621421,0.262595,0.115984,0.438383,0.522472,0.039145,cluster2
41031400114,55,5,0.149869,1116.416667,22.775734,0.049056,143616.9225,0.581478,0.284951,0.093945,0.039626,0.680766,0.245325,0.073909,0.547195,0.437667,0.015138,cluster2
41031400114,56,2,0.062148,936.848485,9.656339,0.018463,62116.469,0.869281,0.084034,0.046685,0,0.896359,0.070962,0.03268,0.653128,0.346872,0,cluster0
41031400114,57,6,0.123522,1262.144928,40.596484,0.017108,188955.861,0.506352,0.253176,0.120236,0.120236,0.561706,0.392468,0.045826,0.387477,0.536751,0.075771,cluster2
41031400114,58,7,0.152129,1242.601852,28.589999,0.067388,145019.3073,0.478171,0.228614,0.269617,0.023599,0.582301,0.371386,0.046313,0.312094,0.661652,0.026254,cluster2
41031400114,59,5,0.133452,1111.357388,30.53478,0.061802,169593.3339,0.636203,0.189057,0.150029,0.024711,0.622965,0.280937,0.096097,0.499314,0.470779,0.029908,cluster2
41031400114,60,2,0.095635,998.538462,9.531299,0.017139,68830.10256,0.902655,0.097345,0,0,0.79646,0.19469,0.00885,0.610619,0.389381,0,cluster0
41031400114,61,8,0.243361,1267.590909,43.134021,0.272822,164439.9218,0.45193,0.070877,0.304561,0.172632,0.488421,0.365614,0.145965,0.359298,0.640702,0,cluster1
41031400114,62,8,0.137231,1312.066038,58.093657,0.03574,207574.8242,0.460036,0.150977,0.216992,0.171995,0.601243,0.32534,0.073416,0.34103,0.589994,0.068976,cluster1
41031400114,63,8,0.080506,1271.602094,48.313929,0.010627,208872.6619,0.475057,0.175575,0.159216,0.190152,0.711694,0.268222,0.020084,0.324101,0.604956,0.070943,cluster1
41031400114,64,10,0.734068,1353.72,97.683128,3.168546,428168.7933,0.399474,0.219448,0.085414,0.295664,0.622865,0.344284,0.032852,0.269382,0.668857,0.061761,cluster1
41031400114,65,3,0.07235,1106,8.928989,0.003548,138539.8182,0.637119,0.362881,0,0,0.631579,0.368421,0,0.65928,0.34072,0,cluster0
41031400114,66,11,0.124235,1473.70068,81.02883,0.02779,344503.3071,0.384379,0.074416,0.189627,0.351579,0.618901,0.291308,0.089791,0.312833,0.435014,0.252153,cluster1
41031400114,67,7,0.116563,1239.142857,51.188508,0.015557,212418.0417,0.415525,0.215917,0.242009,0.126549,0.595564,0.274625,0.129811,0.335943,0.620352,0.043705,cluster1
41031400114,68,7,0.105857,1176.275,53.21695,0.027269,192679.5378,0.503115,0.109813,0.232866,0.154206,0.679907,0.283489,0.036604,0.475857,0.497664,0.02648,cluster1
41031400114,69,10,0.135814,1430.083333,47.610262,0.035234,216047.4603,0.393109,0.134169,0.226573,0.24615,0.630906,0.302271,0.066823,0.299922,0.580527,0.119551,cluster1
41031400114,70,6,0.18926,1226.580645,35.746862,0.075382,199732.6809,0.572219,0.180963,0.218871,0.027947,0.588821,0.26259,0.148589,0.514388,0.467349,0.018262,cluster2
41031400114,71,7,0.267135,1285.969697,28.798547,0.225532,188724.6553,0.382591,0.3583,0.259109,0,0.515182,0.300607,0.184211,0.351215,0.548583,0.100202,cluster2
41031400114,72,10,0.198061,1431.836364,50.463735,0.139134,191624.5785,0.283226,0.149099,0.310113,0.257562,0.552093,0.318668,0.129239,0.240452,0.635808,0.12374,cluster1
41031400114,73,10,0.137357,1408.115044,49.393142,0.075204,177122.1027,0.365116,0.184699,0.204967,0.245218,0.582929,0.346846,0.070226,0.231801,0.699971,0.068227,cluster1
41031400114,74,3,0.206019,955.5,9.876543,0.0163,172284.5,0.444444,0.555556,0,0,0,1,0,0.444444,0.555556,0,cluster2
41031400114,75,6,0.194499,1113.451613,29.09681,0.139863,122349.3009,0.462349,0.290161,0.226908,0.020582,0.502008,0.267068,0.230924,0.485442,0.514558,0,cluster2
41031400114,76,5,0.283019,1315,11.160347,0.177014,119609.8571,0.111429,0.794286,0.094286,0,0.688571,0.271429,0.04,0.031429,0.968571,0,cluster2
41031400114,77,7,0.27244,1407.470588,19.395084,0.202818,151190.6397,0.264479,0.409266,0.326255,0,0.511583,0.260618,0.227799,0.19305,0.743243,0.063707,cluster1
41031400114,78,0,0.009296,898.578313,1.060656,0.001387,18055.68587,0.975322,0.024678,0,0,0.963536,0.036464,0,0.93628,0.06372,0,cluster0
41031400114,79,6,0.148644,1190.116279,35.470573,0.038466,189218.0569,0.497878,0.222065,0.252829,0.027228,0.557638,0.291372,0.15099,0.520156,0.428218,0.051627,cluster2
41031400114,80,9,0.152336,1363.02521,45.962718,0.090004,181882.0756,0.341224,0.218776,0.205442,0.234558,0.596463,0.331701,0.071837,0.25551,0.685986,0.058503,cluster1
41031400114,81,10,0.116193,1410.096,52.399661,0.015034,270487.5391,0.314165,0.151855,0.307443,0.226537,0.561364,0.346278,0.092357,0.311675,0.555639,0.132686,cluster1
41031400114,82,7,0.140636,1349.668874,40.790287,0.082311,128873.903,0.486713,0.221385,0.168027,0.123875,0.699309,0.245658,0.055032,0.227453,0.720025,0.052521,cluster1
41031400114,83,0,0.180556,1076.75,3.260031,0.130401,95136.25,1,0,0,0,0.722222,0,0.277778,0.722222,0.277778,0,cluster0
41031400114,84,6,0.153032,1231.899281,30.926233,0.22054,149139.497,0.599036,0.211876,0.101884,0.087204,0.684268,0.282428,0.033304,0.37511,0.588957,0.035933,cluster2
41031400114,85,4,0.088032,1257.266667,14.169606,0.008665,121292.3524,0.722917,0.141667,0.135417,0,0.791667,0.1375,0.070833,0.3125,0.6875,0,cluster2
41031400114,86,4,0.223978,1221.222222,17.408265,0.013092,71634.19444,0.680952,0.147619,0.171429,0,0.314286,0.609524,0.07619,0.328571,0.671429,0,cluster2
41031400114,87,9,0.087212,1427.392523,95.013073,0.011067,331430.2218,0.543046,0.104687,0.088385,0.263882,0.712175,0.231024,0.056801,0.489557,0.299287,0.211156,cluster1
41031400114,88,4,0.11188,1213.666667,24.324846,0.016853,72324.75,0.62963,0.244444,0.125926,0,0.633333,0.248148,0.118519,0.388889,0.611111,0,cluster2
41031400114,89,10,0.14112,1428.622222,60.304957,0.073772,236436.9831,0.332261,0.281939,0.134421,0.251379,0.609145,0.299862,0.090993,0.29159,0.542509,0.165901,cluster1
41031400114,90,1,0.486111,1064.5,7.87037,0.434028,172939,0.733333,0.266667,0,0,0.266667,0.466667,0.266667,0.733333,0.266667,0,cluster0
41031400114,91,10,0.094085,1447.519231,38.175709,0.008618,159775.2618,0.291472,0.186332,0.314252,0.207944,0.636974,0.324766,0.038259,0.216414,0.694509,0.089077,cluster1
41031400114,92,3,0.087163,1055.5,4.269547,0.000828,34857,1,0,0,0,0.721739,0.278261,0,0.426087,0.573913,0,cluster0
41031400114,93,3,0.135941,1086.318841,18.42215,0.08651,55879.66155,0.750814,0.169224,0.079963,0,0.712227,0.228266,0.059507,0.609484,0.390516,0,cluster0
41031400114,94,4,0.193983,1142.928571,28.899149,0.023966,69135.91758,0.671605,0.165432,0.162963,0,0.325926,0.345679,0.328395,0.57284,0.42716,0,cluster2
41031400114,95,8,0.13628,1354.278195,45.275392,0.039322,201111.0205,0.452337,0.177696,0.191809,0.178158,0.706617,0.211013,0.082369,0.260528,0.635585,0.103887,cluster1
41031400114,96,5,0.174121,1191.666667,24.234849,0.074958,143668.3,0.57736,0.277712,0.10615,0.038778,0.641206,0.296122,0.062671,0.320016,0.654132,0.025852,cluster2
41031400114,97,5,0.09882,1175.925,39.745149,0.03219,152130.5101,0.650157,0.128996,0.172427,0.04842,0.726853,0.233783,0.039364,0.519867,0.448716,0.031417,cluster2
41031400114,98,10,0.103505,1340.540816,38.373823,0.014505,145674.4158,0.301299,0.244156,0.262013,0.192532,0.719805,0.219805,0.06039,0.214286,0.742857,0.042857,cluster1
41031400114,99,6,0.180245,1250.2,36.497303,0.024961,216708.3412,0.510061,0.144357,0.31671,0.028871,0.382327,0.348206,0.269466,0.466317,0.47769,0.055993,cluster2
41031400114,100,6,0.158101,1152.666667,11.342593,0.006533,41890.33333,0.441558,0.558442,0,0,0.441558,0.558442,0,0,1,0,cluster2
41031400114,101,5,0.157643,1101.095238,34.096538,0.178983,157264.1735,0.598605,0.175408,0.173041,0.052946,0.695154,0.235082,0.069765,0.561854,0.414974,0.023172,cluster2
41031400114,102,0,0.067438,931.777778,3.839869,0.038591,63489.35948,0.934911,0.065089,0,0,0.915187,0.072978,0.011834,0.82643,0.17357,0,cluster0
41031400972,1,0,0,868.8,0,0,10379.06667,1,0,0,0,1,0,0,0.937695,0.062305,0,cluster0
41031400972,2,4,0.474172,1060.9,18.549383,0.397383,100406.3222,0.90625,0.072917,0.020833,0,0.90625,0,0.09375,0.645833,0.354167,0,cluster0
41031400972,3,3,0.09019,960.2,11.425669,0.018679,96623.5,0.631285,0.368715,0,0,0.701117,0.272346,0.026536,0.722067,0.277933,0,cluster0
41031400972,4,5,0.141221,1127.584046,45.707141,0.200645,229832.8665,0.661794,0.113747,0.114306,0.110153,0.694065,0.242032,0.063903,0.585989,0.366802,0.047208,cluster0
41031400972,5,7,0.12853,1256.849206,40.83518,0.051153,224286.9291,0.522679,0.226786,0.148909,0.101626,0.697475,0.26166,0.040864,0.470475,0.456354,0.073171,cluster2
41031400972,6,2,0.09838,1171,0.03858,0.000067,8,1,0,0,0,0.111111,0.888889,0,0,1,0,cluster2
41031400972,7,3,0.149605,1017.858974,13.588726,0.113188,157476.6162,0.791564,0.169943,0.038493,0,0.631859,0.334971,0.03317,0.627764,0.332924,0.039312,cluster0
41031400972,8,6,0.117251,1220.852941,28.03485,0.016602,224251.0527,0.525492,0.231232,0.243276,0,0.643517,0.313529,0.042955,0.427539,0.517463,0.054998,cluster2
41031400972,9,5,0.239281,1189.588652,36.234427,0.445284,221677.4724,0.477804,0.235981,0.225662,0.060553,0.616628,0.320483,0.062889,0.370522,0.571456,0.058022,cluster2
41031400972,10,7,0.088587,1276.662651,20.762499,0.016224,121815.2994,0.32728,0.371671,0.301049,0,0.667877,0.326877,0.005246,0.2954,0.69088,0.013721,cluster2
41031400972,11,5,0.082396,1130.566667,42.155639,0.009098,206869.2146,0.637217,0.204579,0.084825,0.073378,0.704726,0.272967,0.022307,0.618726,0.343704,0.03757,cluster0
41031400972,12,13,0.112252,1575.552632,30.544022,0.044891,120464.4639,0.14659,0.061658,0.446713,0.345039,0.766027,0.203757,0.030216,0.066149,0.878726,0.055125,cluster1
41031400972,13,10,0.077666,1416.173469,60.748345,0.009358,280360.9696,0.339107,0.123063,0.214221,0.32361,0.759951,0.227287,0.012762,0.296566,0.590094,0.113339,cluster1
41031400972,14,8,0.139343,1357.44186,24.459877,0.030682,192267.6334,0.441586,0.203644,0.35477,0,0.659164,0.296356,0.04448,0.34298,0.65702,0,cluster2
41031400972,15,5,0.186171,1164.646154,20.581894,0.129697,163683.1072,0.602432,0.202058,0.19551,0,0.698784,0.256782,0.044434,0.376988,0.589804,0.033209,cluster2
41031400972,16,8,0.11221,1372.218487,53.713144,0.022446,248909.6468,0.444076,0.148876,0.224719,0.182329,0.579162,0.339122,0.081716,0.349081,0.531665,0.119254,cluster1
41031400972,17,7,0.154189,1315.931373,36.476526,0.09823,246543.7675,0.405666,0.30403,0.163843,0.12646,0.614486,0.324182,0.061332,0.359521,0.55111,0.089369,cluster2
41031400972,18,5,0.127392,1171.942857,14.227245,0.037516,181821.7938,0.434204,0.455296,0.1105,0,0.577258,0.387437,0.035305,0.47868,0.475928,0.045392,cluster2
41031400972,19,11,0.17649,1619.947368,86.151051,0.168411,396077.7671,0.304509,0.23516,0.158105,0.302226,0.764269,0.205765,0.029966,0.249715,0.452911,0.297374,cluster1
41031400972,20,3,0.092132,1134.272727,9.868126,0.012834,105919.0182,0.687117,0.312883,0,0,0.739264,0.208589,0.052147,0.478528,0.521472,0,cluster2
41031400972,21,2,0.172101,1117,11.149691,0.002206,6050,1,0,0,0,0,1,0,0,1,0,cluster2
41031400972,22,13,0.177086,1565.316667,52.264477,0.201423,258433.4955,0.175726,0.252343,0.207357,0.364574,0.704545,0.264761,0.030694,0.202905,0.580366,0.216729,cluster1
41031400972,23,6,0.178057,1234.303571,25.475364,0.04135,179945.5244,0.379526,0.243183,0.377291,0,0.579794,0.323648,0.096558,0.291015,0.671435,0.03755,cluster2
41031400972,24,4,0.178032,1067.288462,26.965992,0.32931,156251.8171,0.563848,0.257143,0.179009,0,0.630321,0.321866,0.047813,0.53586,0.423324,0.040816,cluster2
41031400972,25,5,0.140566,1174.329268,21.691381,0.025709,172873.4581,0.502257,0.323928,0.128668,0.045147,0.512415,0.406321,0.081264,0.464259,0.497366,0.038375,cluster2
41031400972,26,5,0.181157,1165.490566,18.421592,0.099302,189812.6778,0.461645,0.477819,0.060536,0,0.697782,0.267098,0.03512,0.250924,0.729205,0.019871,cluster2
41031400972,27,5,0.389756,1369.333333,27.689901,0.296874,563441.5,0.655405,0.344595,0,0,0.716216,0,0.283784,0.722973,0.128378,0.148649,cluster0
41031400972,28,5,0.166203,1066,17.552878,0.031016,122780,0.413662,0.457306,0.129032,0,0.459203,0.390892,0.149905,0.413662,0.586338,0,cluster2
41031400972,29,7,0.238624,1255.16,27.492576,0.324686,258259.8389,0.456764,0.266267,0.276969,0,0.464469,0.37286,0.162671,0.413527,0.505137,0.081336,cluster2
41031400972,30,5,0.169581,1188.68323,24.641875,0.147912,155582.1428,0.487881,0.335843,0.163606,0.01267,0.692068,0.237973,0.06996,0.376056,0.604113,0.019831,cluster2
41031400972,31,8,0.271358,1341.684211,38.420438,0.088325,280206.9246,0.323553,0.263283,0.294211,0.118953,0.31245,0.382236,0.305313,0.375099,0.542427,0.082474,cluster1
41031400972,32,6,0.262814,1205.732143,24.512561,0.392119,180174.3451,0.34894,0.281912,0.369147,0,0.653031,0.282405,0.064564,0.356826,0.625431,0.017743,cluster2
41031400972,33,5,0.08861,1248.375,9.215168,0.007035,96189.98214,0.558333,0.441667,0,0,0.558333,0.441667,0,0.229167,0.770833,0,cluster2
41031400972,34,5,0.465231,1123.545455,13.3656,0.294866,116677.4727,0.467925,0.532075,0,0,0.124528,0.716981,0.158491,0.332075,0.667925,0,cluster2
41031400972,35,6,0.154246,1321,7.334456,0.047723,251539.8,0.32853,0.67147,0,0,0.573487,0.412104,0.014409,0.351585,0.550432,0.097983,cluster2
41031400972,36,5,0.095542,1151.717105,25.096548,0.015358,183489.2903,0.605187,0.244049,0.119025,0.03174,0.691504,0.270176,0.03832,0.479388,0.488678,0.031933,cluster2
41031400972,37,10,0.090951,1465.236111,33.184431,0.019786,201493.4787,0.21883,0.307888,0.34648,0.126802,0.718405,0.28117,0.000424,0.197625,0.666243,0.136132,cluster1
41031400972,38,15,0.157524,1805.340909,99.620476,0.20734,494746.0434,0.20537,0.150279,0.114365,0.529986,0.561715,0.435146,0.003138,0.177476,0.347978,0.474547,cluster1
41031400972,39,14,0.176593,1722.134021,101.106365,0.071126,547592.5339,0.26849,0.13207,0.182411,0.417029,0.581106,0.337477,0.081417,0.226538,0.389062,0.3844,cluster1
41031400972,40,4,0.143658,1050.583333,32.578385,0.082811,251804.8786,0.569727,0.122635,0.268395,0.039243,0.641205,0.315347,0.043448,0.74562,0.203224,0.051156,cluster0
41031400972,41,5,0.206976,1151.935484,26.002499,0.188366,306682.5147,0.648339,0.235021,0.081097,0.035543,0.683592,0.261134,0.055273,0.634267,0.292326,0.073408,cluster0
41031400972,42,3,0.621672,1132.708333,14.502678,5.131661,168675.5199,0.816254,0.182568,0.001178,0,0.892815,0.080094,0.027091,0.640754,0.355713,0.003534,cluster0
41031400972,44,4,0.111424,1175.68,16.999228,0.01178,276226.31,0.755689,0.120958,0.123353,0,0.608383,0.268263,0.123353,0.432335,0.526946,0.040719,cluster2
41031400972,45,4,0.179543,1032.882353,11.682439,0.036499,183312.7353,0.635747,0.28733,0.076923,0,0.443439,0.515837,0.040724,0.701357,0.298643,0,cluster2
41031400972,46,9,0.087321,1354.655172,45.475045,0.016016,208689.1379,0.363893,0.210847,0.236404,0.188856,0.723477,0.25899,0.017533,0.305201,0.646062,0.048737,cluster1
41031400972,47,15,0.105241,1633.758242,43.799443,0.055261,175372.8298,0.107021,0.117246,0.235855,0.539877,0.798909,0.172461,0.02863,0.117928,0.650648,0.231425,cluster1
41031400972,48,9,0.495637,1383.086957,17.588933,0.478368,189066.9012,0.205433,0.327674,0.466893,0,0.550085,0.383701,0.066214,0.297114,0.604414,0.098472,cluster1
41031400972,49,8,0.142433,1302.552632,26.494734,0.029987,155063.6639,0.270751,0.369565,0.359684,0,0.557312,0.32253,0.120158,0.309486,0.664032,0.026482,cluster1
41031400972,50,6,0.160135,1141.413793,19.220572,0.019337,150683.9661,0.498658,0.337627,0.163714,0,0.360709,0.531938,0.107354,0.45518,0.54482,0,cluster2
41031400972,51,1,0.039273,871.625,12.251984,0.008338,74302.26786,0.756757,0.243243,0,0,0.876448,0.123552,0,0.756757,0.243243,0,cluster0
41031400972,52,3,0.355304,1058.555556,4.361711,0.139303,123839.7778,0.596273,0.403727,0,0,0.850932,0.055901,0.093168,0.329193,0.670807,0,cluster2
41031400972,53,3,0.139129,983.777778,10.534551,0.007402,130825.9444,0.641844,0.358156,0,0,0.333333,0.666667,0,0.641844,0.358156,0,cluster2
41031400972,54,13,0.085192,1624.204819,75.058432,0.006883,350842.4819,0.260078,0.111666,0.175169,0.453086,0.647521,0.32822,0.02426,0.24224,0.400285,0.357474,cluster1
41031400972,56,8,2.002315,1250.833333,104.981996,5.854285,243250.1667,0.666667,0.125,0,0.208333,0.5,0,0.5,0.666667,0.333333,0,cluster1
41031400973,1,2,0.335097,1300,5.349794,0.101714,97993,1,0,0,0,0.285714,0,0.714286,0.285714,0.714286,0,cluster2
41031400973,3,9,0.493464,1266.1875,60.34324,0.9735,183535.6411,0.365881,0.071829,0.332211,0.230079,0.526375,0.207632,0.265993,0.294052,0.631874,0.074074,cluster1
41031400973,4,7,0.241653,1362.52381,34.844944,0.15257,209164.6619,0.40796,0.379768,0.106136,0.106136,0.40796,0.424544,0.167496,0.301824,0.590381,0.107794,cluster2
41031400973,5,7,0.210298,1264.850467,42.206368,0.045054,211574.2982,0.526258,0.136214,0.26012,0.077407,0.476204,0.286652,0.237144,0.385394,0.563457,0.051149,cluster2
41031400973,6,6,0.146309,1255.410714,28.376799,0.031504,106826.101,0.422387,0.263451,0.293754,0.020408,0.471861,0.392084,0.136054,0.261596,0.718615,0.01979,cluster2
41031400973,7,8,0.158941,1274.546667,41.379574,0.038863,114593.4944,0.356586,0.182842,0.363518,0.097054,0.504333,0.376516,0.119151,0.232236,0.753899,0.013865,cluster1
41031400973,8,6,0.198803,1186.698276,35.072325,0.118717,146578.056,0.514023,0.152728,0.309536,0.023712,0.528557,0.288118,0.183325,0.306986,0.668027,0.024987,cluster2
41031400973,9,8,0.17846,1248.825,44.477641,0.056876,159993.7158,0.427375,0.186749,0.317073,0.068802,0.508191,0.268293,0.223517,0.338551,0.62541,0.036039,cluster1
41031400973,10,9,0.17172,1315.84127,29.507311,0.026855,102711.0712,0.22268,0.362887,0.347423,0.06701,0.435052,0.429897,0.135052,0.118557,0.847938,0.033505,cluster1
41031400973,11,3,0.216189,1001.029412,19.682819,0.255793,173639.6409,0.701195,0.113767,0.185038,0,0.76494,0.191678,0.043382,0.526339,0.471005,0.002656,cluster0
41031400973,12,8,0.149791,1319.636364,35.434243,0.026695,183077.2542,0.352494,0.245127,0.359762,0.042616,0.529237,0.349191,0.121573,0.213413,0.718203,0.068385,cluster1
41031400973,13,17,0.095186,1542.405063,56.652382,0.033434,102326.7313,0.100989,0.051937,0.118714,0.728359,0.783594,0.120775,0.095631,0.083265,0.890354,0.026381,cluster1
41031400973,14,10,0.116427,1290,59.277204,0.032175,124065.8095,0.326878,0.153369,0.145624,0.374129,0.697909,0.271108,0.030984,0.221534,0.778466,0,cluster1
41031400973,15,7,0.381586,1176.148148,44.499767,3.968218,207657.6758,0.546636,0.186079,0.163341,0.103944,0.665429,0.284919,0.049652,0.490951,0.4942,0.014849,cluster2
41031400973,16,0,0,737.833333,0,0,2192.56667,1,0,0,0,1,0,0,1,0,0,cluster0
41031400973,18,1,0.085373,915.529412,6.743033,0.009192,181937.3897,0.902903,0.097097,0,0,0.805806,0.194194,0,0.870871,0.129129,0,cluster0
41031400973,19,19,0.10888,1632.118644,48.009051,0.026156,69126.25931,0.049491,0.071213,0.062414,0.816882,0.675007,0.268078,0.056915,0.02997,0.94501,0.025021,cluster1
41031400973,20,20,0.072963,1637.626168,55.215415,0.049109,78145.02874,0.083158,0.067547,0.039928,0.809367,0.829481,0.139298,0.031222,0.054638,0.935455,0.009907,cluster1
41031400973,21,8,0.185878,1271.564103,42.551186,0.044622,204622.4049,0.375,0.21875,0.366132,0.040118,0.501689,0.242821,0.25549,0.298142,0.621199,0.080659,cluster1
41031400973,22,9,0.152579,1354.486486,35.259803,0.026924,171565.2121,0.283448,0.225557,0.408662,0.082333,0.463979,0.386792,0.149228,0.205403,0.725129,0.069468,cluster1
41031400973,23,8,0.178586,1313.107692,41.814051,0.038083,199315.2226,0.284858,0.35932,0.226887,0.128936,0.50025,0.298851,0.2009,0.201399,0.672164,0.126437,cluster1
41031400973,24,7,0.170434,1252.919192,42.533772,0.023136,206241.3812,0.446188,0.207559,0.243754,0.102498,0.481102,0.275785,0.243113,0.307816,0.606662,0.085522,cluster1
41031400973,25,9,0.314186,1362.041667,43.135961,1.022874,242358.7447,0.300178,0.245763,0.29884,0.155219,0.436218,0.341213,0.222569,0.229706,0.686887,0.083408,cluster1
41031400973,26,8,0.138179,1265.266667,39.714659,0.024743,147888.4144,0.36911,0.181501,0.379581,0.069808,0.53534,0.32199,0.14267,0.233421,0.724695,0.041885,cluster1
41031400973,27,8,0.191165,1281.871429,43.394055,0.021222,167540.8093,0.338129,0.201888,0.315647,0.144335,0.351619,0.415468,0.232914,0.277428,0.692446,0.030126,cluster1
41031400973,28,7,0.160797,1206.534483,39.541034,0.049891,186113.9379,0.510715,0.243222,0.129873,0.116189,0.586367,0.306481,0.107152,0.376452,0.564162,0.059385,cluster2
41031400973,29,8,0.248192,1351.915493,42.012631,0.301973,251146.8785,0.315385,0.286325,0.288462,0.109829,0.398718,0.447436,0.153846,0.261966,0.630342,0.107692,cluster1
41031400973,30,7,0.314457,1290.245763,34.649393,0.741919,179889.3493,0.460428,0.211497,0.241979,0.086096,0.446791,0.340642,0.212567,0.31123,0.615241,0.073529,cluster2
41031400973,31,9,0.145114,1320.082569,72.443387,0.027105,174055.1876,0.422629,0.141361,0.202152,0.233857,0.56719,0.275451,0.157359,0.263816,0.723095,0.013089,cluster1
41031400973,32,5,0.101058,1094.9,21.954733,0.010569,108836.1621,0.607762,0.312964,0.079273,0,0.736581,0.23782,0.025599,0.59455,0.40545,0,cluster2
41031400973,33,8,0.17603,1264.842593,51.109806,0.127509,170801.76,0.480074,0.197396,0.22848,0.094049,0.618757,0.273645,0.107598,0.398778,0.576249,0.024973,cluster1
41031400973,34,8,0.206979,1329.916667,30.888521,0.115543,130756.4739,0.432397,0.257902,0.25439,0.055312,0.593064,0.285996,0.120939,0.312994,0.658911,0.028095,cluster2
41031400973,35,7,0.153045,1271.127273,43.756339,0.027247,106641.5946,0.44438,0.167439,0.258401,0.12978,0.584589,0.21321,0.202202,0.242758,0.720162,0.03708,cluster1
41031400973,36,7,0.20457,1344.52381,38.739345,0.064602,193993.2619,0.300623,0.450156,0.099688,0.149533,0.476636,0.299065,0.224299,0.300623,0.498442,0.200935,cluster1
41031400973,37,9,0.168543,1341.217391,43.545982,0.019682,153243.202,0.328691,0.194986,0.360724,0.115599,0.405757,0.402043,0.192201,0.253018,0.672238,0.074745,cluster1
41031400973,38,7,0.126534,1260.970874,35.314932,0.016643,136356.6364,0.469238,0.184252,0.309213,0.037297,0.560089,0.329296,0.110615,0.301243,0.657635,0.041122,cluster2
41031400973,39,15,0.123268,1476.57037,65.845908,0.019961,120983.3663,0.138618,0.100753,0.223871,0.536758,0.58791,0.269486,0.142604,0.106732,0.856289,0.03698,cluster1
41031400973,40,16,0.098665,1519.460526,61.744626,0.016886,108591.164,0.112729,0.089026,0.191489,0.606756,0.68589,0.230683,0.083427,0.076521,0.866555,0.056924,cluster1
41031400973,41,8,0.182129,1303.525,41.544773,0.048936,190375.2905,0.382293,0.198694,0.353325,0.065687,0.485924,0.337821,0.176255,0.288046,0.659731,0.052224,cluster1
41031400973,42,8,0.194428,1340.629213,33.489408,0.112664,160420.5087,0.383076,0.215153,0.317153,0.084618,0.460151,0.38898,0.150869,0.236471,0.722532,0.040997,cluster1
41031400973,43,11,0.127519,1348.261261,78.386568,0.035754,187991.6129,0.411856,0.115979,0.156959,0.315206,0.691237,0.215206,0.093557,0.301804,0.689691,0.008505,cluster1
41031400973,44,14,0.103348,1440.164557,66.282317,0.045435,143991.2931,0.279601,0.120899,0.198288,0.401213,0.758916,0.208631,0.032454,0.243581,0.745364,0.011056,cluster1
41031400973,45,2,0.333419,1099.714286,6.815844,0.249477,204307.9048,0.726316,0.273684,0,0,0.668421,0.273684,0.057895,0.384211,0.615789,0,cluster2
41031400973,46,8,0.214882,1247.480769,40.949086,0.477973,183030.4851,0.457518,0.161822,0.295975,0.084684,0.607881,0.274734,0.117384,0.405813,0.567356,0.026831,cluster1
41031400973,47,8,0.113638,1284,38.8096,0.011456,121751.9726,0.359522,0.227583,0.34415,0.068745,0.619556,0.268147,0.112297,0.211358,0.774979,0.013664,cluster1
41031400973,48,9,0.188649,1314.5,44.91635,0.042233,168521.3284,0.295821,0.18661,0.360874,0.156695,0.470085,0.284425,0.245489,0.230769,0.707028,0.062203,cluster1
41031400973,49,7,0.148798,1309.744898,44.756658,0.022375,186728.0477,0.423979,0.215686,0.261009,0.099325,0.494053,0.343298,0.162649,0.284153,0.633237,0.08261,cluster1
41031400973,50,9,0.217943,1276.855072,53.035637,0.039794,173037.9199,0.332539,0.208194,0.274416,0.18485,0.377799,0.343497,0.278704,0.281563,0.703192,0.015245,cluster1
41031400973,51,6,0.300956,1343.230769,26.685304,0.407269,193291.0646,0.613101,0.183214,0.203685,0,0.657114,0.239509,0.103378,0.373593,0.559877,0.06653,cluster2
41031400973,52,7,0.145144,1280.545455,32.418685,0.07085,199936.5726,0.458621,0.264138,0.243793,0.033448,0.648966,0.29931,0.051724,0.364138,0.593448,0.042414,cluster2
41031400973,53,3,0.126218,1283.125,4.409171,0.02689,105135.8393,0.793548,0.206452,0,0,0.741935,0.232258,0.025806,0.032258,0.967742,0,cluster2
41031400973,54,8,0.213647,1269.07,43.769882,0.205696,186128.3688,0.399873,0.2149,0.283668,0.10156,0.396371,0.441261,0.162369,0.307227,0.631646,0.061127,cluster1
41031400973,55,8,0.137151,1325.246575,43.800706,0.030863,196785.355,0.377866,0.210317,0.268078,0.143739,0.574956,0.271605,0.153439,0.247795,0.638007,0.114198,cluster1
41031400973,56,8,0.189905,1268.111111,46.418497,0.068711,176127.734,0.369118,0.136592,0.362266,0.132024,0.523527,0.225217,0.251256,0.262677,0.704431,0.032892,cluster1
41031400973,57,5,0.229408,1279.545455,13.121493,0.077354,173070.0727,0.477941,0.404412,0.117647,0,0.430147,0.415441,0.154412,0.327206,0.551471,0.121324,cluster2
41031400973,58,3,0.204898,1081.176471,12.733751,0.159033,55518.65441,0.678337,0.321663,0,0,0.673961,0.310722,0.015317,0.527352,0.472648,0,cluster2
41031400973,59,9,0.153391,1374.028169,44.152259,0.020661,178554.1706,0.329029,0.225289,0.359751,0.085931,0.451024,0.349065,0.199911,0.213713,0.671861,0.114426,cluster1
41031400973,60,9,0.213716,1267.426667,49.546157,0.078127,191207.4641,0.426052,0.119439,0.320641,0.133868,0.531062,0.243287,0.225651,0.341082,0.623246,0.035671,cluster1
41031400973,61,11,0.140787,1430.611111,70.810551,0.033791,195702.7819,0.265169,0.233081,0.222287,0.279463,0.522754,0.376896,0.10035,0.196908,0.718495,0.084597,cluster1
41031400973,62,7,0.293517,1254.409091,25.203757,0.235095,309019.8723,0.328571,0.630952,0.040476,0,0.838095,0.147619,0.014286,0.265079,0.709524,0.025397,cluster2
41031400973,63,0,0.011644,805.583333,0.201085,0.000322,2005.17424,1,0,0,0,1,0,0,1,0,0,cluster0
41031400973,64,4,0.080372,1170.603774,16.426282,0.008991,199380.09,0.675748,0.28953,0.034722,0,0.803953,0.19391,0.002137,0.455128,0.527778,0.017094,cluster2
41031400973,65,7,0.081487,1324.259259,27.564387,0.012288,204459.0259,0.324022,0.402235,0.253259,0.020484,0.743017,0.216015,0.040968,0.261328,0.638113,0.100559,cluster2
41031400973,66,9,0.430969,1391.901639,20.898646,1.216613,153369.0568,0.299791,0.269552,0.42805,0.002607,0.677789,0.279979,0.042231,0.231491,0.717935,0.050574,cluster1
41031400973,67,13,0.120026,1480.695652,56.639585,0.054348,151954.009,0.254252,0.157436,0.197122,0.391191,0.722634,0.244222,0.033144,0.204536,0.723942,0.071522,cluster1
41031400973,68,7,0.217358,1211.252747,46.502585,0.076557,239119.0799,0.516391,0.135995,0.26777,0.079844,0.549497,0.257059,0.193444,0.426809,0.500162,0.073028,cluster2
41031400973,69,7,0.140235,1287.403846,46.344406,0.020689,185746.8645,0.504015,0.144225,0.271773,0.079988,0.52903,0.315318,0.155652,0.343113,0.599135,0.057752,cluster1
41031400973,70,7,0.169105,1216.716049,45.201641,0.028498,137574.4309,0.415775,0.256441,0.189457,0.138327,0.429647,0.413,0.157352,0.267935,0.707095,0.02497,cluster1
41031400973,71,7,0.138056,1254.396552,30.746311,0.035819,122144.4849,0.365982,0.311598,0.304661,0.017758,0.588513,0.276915,0.134573,0.228635,0.744451,0.026915,cluster1
41031400973,72,9,0.200408,1257.625,40.530367,0.055506,117573.127,0.289753,0.170621,0.457345,0.082282,0.510853,0.259465,0.229682,0.198385,0.769813,0.031802,cluster1
41031400973,73,6,0.16387,1231.326316,37.032509,0.023568,210164.3073,0.479961,0.217518,0.2702,0.032321,0.46574,0.337104,0.197156,0.365223,0.542017,0.09276,cluster2
41031400987,1,1,0.040066,662.166667,6.648663,0.004005,66765.10145,0.916667,0.083333,0,0,0.830729,0.169271,0,0.916667,0.083333,0,cluster0
41031400987,2,0,0,602.926407,0,0,161.77282,1,0,0,0,1,0,0,1,0,0,cluster0
41031400987,4,2,0.055512,873.909091,14.121773,0.006203,142638.2909,0.798742,0.201258,0,0,0.691824,0.308176,0,0.591195,0.408805,0,cluster0
41031400987,5,9,0.274579,1172.764706,82.384644,0.145182,316144.4884,0.471967,0.098879,0.16106,0.268094,0.482161,0.248726,0.269113,0.482161,0.432212,0.085627,cluster1
41031400987,6,6,0.111389,1089.558621,41.062967,0.024865,180246.8038,0.527561,0.182049,0.211616,0.078775,0.704329,0.223231,0.072439,0.434847,0.552482,0.012672,cluster2
41031400987,7,1,0.057509,767.533333,10.105009,0.004972,80877.63678,0.859521,0.140479,0,0,0.698231,0.301769,0,0.759625,0.240375,0,cluster0
41031400987,8,12,0.180274,1295.810127,52.433598,0.207036,188625.643,0.168971,0.22235,0.213902,0.394777,0.608295,0.325653,0.066052,0.182028,0.793395,0.024578,cluster1
41031400987,9,7,0.161065,1067.040816,46.394978,0.018054,185577.1233,0.484904,0.215034,0.200246,0.099815,0.469501,0.350585,0.179914,0.514479,0.485521,0,cluster2
41031400987,10,5,0.084653,995.66,35.395849,0.006946,154334.1473,0.636469,0.140796,0.166763,0.055972,0.692441,0.272937,0.034622,0.484709,0.515291,0,cluster2
41031400987,11,8,0.193984,1105.525424,60.301625,0.148757,175853.8054,0.476025,0.150202,0.13056,0.243212,0.684575,0.265742,0.049682,0.383593,0.616407,0,cluster1
41031400987,12,8,0.278186,1089.825,48.220315,0.385671,143360.2475,0.397754,0.20488,0.234314,0.163052,0.550736,0.333462,0.115802,0.338497,0.661503,0,cluster1
41031400987,13,2,0.062274,784.765432,35.113339,0.029294,138802.0481,0.802222,0.056052,0.083504,0.058223,0.824055,0.112998,0.062947,0.78192,0.206588,0.011491,cluster0
41031400987,14,2,0.082797,842.660714,11.423761,0.01525,126450.8828,0.85044,0.112023,0.037537,0,0.73783,0.18651,0.07566,0.698534,0.301466,0,cluster0
41031400987,15,6,0.228711,997.979592,35.633188,0.303069,158661.0621,0.479833,0.1363,0.383866,0,0.538943,0.280946,0.180111,0.417942,0.582058,0,cluster2
41031400987,16,8,0.249538,1156.92,50.250167,0.302041,159822.2908,0.417563,0.160842,0.233871,0.187724,0.539875,0.336022,0.124104,0.37052,0.62948,0,cluster1
41031400987,17,3,0.371404,870.368421,16.351707,0.748047,115639.0234,0.743689,0.192233,0.064078,0,0.543689,0.378641,0.07767,0.617476,0.382524,0,cluster0
41031400987,18,6,0.131635,1028.328358,43.396548,0.022778,218307.4966,0.634562,0.122473,0.166865,0.0761,0.662703,0.216805,0.120491,0.56956,0.406262,0.024178,cluster2
41031400987,19,3,0.192371,897.638889,14.387615,0.129406,116099.0373,0.722538,0.217803,0.059659,0,0.644886,0.331439,0.023674,0.691288,0.308712,0,cluster0
41031400987,20,4,0.320368,969.071429,14.188039,0.456767,135656.9577,0.577004,0.422996,0,0,0.600211,0.320675,0.079114,0.630802,0.369198,0,cluster2
41031400987,21,5,0.419719,988.592593,36.662288,2.219355,191999.0007,0.64,0.211343,0.071045,0.077612,0.56,0.337313,0.102687,0.601791,0.385672,0.012537,cluster2
41031400987,22,2,0.104699,811.183544,18.757347,0.04483,134037.7559,0.840879,0.107927,0.033238,0.017956,0.693219,0.255396,0.051385,0.751289,0.242216,0.006495,cluster0
41031400987,23,0,0,602.664063,0,0,29.48468,1,0,0,0,1,0,0,1,0,0,cluster0
41031400987,24,2,0.096006,784.966258,23.646471,0.091013,122836.2604,0.790221,0.103971,0.08339,0.022418,0.758817,0.190357,0.050826,0.759687,0.234419,0.005894,cluster0
41031400987,25,2,0.093834,773.944444,13.542171,0.009134,53814.1732,0.761506,0.171548,0.066946,0,0.546025,0.387029,0.066946,0.763598,0.236402,0,cluster0
41031400987,26,3,0.159146,887.2,16.881092,0.089616,205111.4316,0.765343,0.176895,0.057762,0,0.509025,0.422383,0.068592,0.649819,0.350181,0,cluster0
41031400987,27,5,0.168801,1015.9,49.756267,0.066108,302361.7245,0.6875,0.139547,0.103448,0.069504,0.642241,0.264547,0.093211,0.651401,0.295797,0.052802,cluster0
41031400987,28,3,0.128626,830.577465,26.258663,0.151667,128208.3332,0.708108,0.135967,0.102703,0.053222,0.680665,0.266528,0.052807,0.690229,0.309771,0,cluster0
41031400987,29,6,0.249225,1095.592593,34.805318,0.293872,259941.7892,0.369757,0.216336,0.379691,0.034216,0.596026,0.247241,0.156733,0.375276,0.56181,0.062914,cluster2
41031400987,30,3,0.097165,966.214286,16.745099,0.011809,164057.1044,0.570248,0.429752,0,0,0.407713,0.534435,0.057851,0.396694,0.603306,0,cluster2
41031400987,31,4,0.104957,953.857143,13.110501,0.01786,140583.5165,0.48731,0.51269,0,0,0.784264,0.187817,0.027919,0.431472,0.568528,0,cluster2
41031400987,32,9,0.342824,1286.321429,51.738765,0.497966,346951.9299,0.332924,0.063882,0.523342,0.079853,0.480344,0.296069,0.223587,0.2543,0.588452,0.157248,cluster1
41031400987,33,2,0.10312,835.533333,19.896384,0.017927,140157.2667,0.796976,0.136069,0.066955,0,0.641469,0.151188,0.207343,0.781857,0.151188,0.066955,cluster0
41031400987,34,2,0.109888,915.541667,18.670603,0.018324,234967.4764,0.784777,0.086614,0.128609,0,0.664042,0.165354,0.170604,0.665354,0.291339,0.043307,cluster0
41031400987,35,6,0.174703,1051.837607,57.351066,0.138175,248204.6717,0.618698,0.150747,0.079807,0.150747,0.609577,0.290347,0.100076,0.555612,0.410438,0.03395,cluster2
41031400987,36,0,0,604.625,0,0,29.69643,1,0,0,0,1,0,0,1,0,0,cluster0
41031400987,37,1,0.813636,780.142857,7.245738,1.951334,257965.4762,0.940299,0.059701,0,0,0.930348,0.059701,0.00995,0.935323,0.064677,0,cluster0
41031400987,39,8,0.313754,1113,58.189134,0.095416,228228.4,0.521739,0.054627,0.217391,0.206243,0.370123,0.172798,0.457079,0.457079,0.542921,0,cluster1
41031400987,40,7,0.205924,1101.442105,38.941251,0.195285,145449.5684,0.576129,0.24129,0.066774,0.115806,0.668065,0.240968,0.090968,0.418065,0.568387,0.013548,cluster2
41031400987,41,3,0.055616,834.787356,42.428841,0.016032,148808.7002,0.750909,0.101818,0.062182,0.085091,0.834182,0.136364,0.029455,0.705273,0.294727,0,cluster0
41031400987,42,6,0.171511,1077.246753,41.125778,0.023374,217977.162,0.463385,0.255492,0.191619,0.089504,0.41009,0.386493,0.203417,0.455655,0.518714,0.025631,cluster2
41031400987,43,2,0.420968,898.277778,8.598856,0.47659,221684.2124,0.987772,0.012228,0,0,0.914402,0.050272,0.035326,0.567935,0.432065,0,cluster0
41031400987,44,11,0.254607,1236.861111,64.003282,0.178483,188371.2087,0.247629,0.18862,0.224447,0.339305,0.593256,0.24236,0.164384,0.25079,0.74921,0,cluster1
41031400987,45,1,0.048006,728.975,11.916706,0.009783,80553.72089,0.839022,0.134213,0.026765,0,0.825834,0.128006,0.04616,0.839022,0.160978,0,cluster0
41031400987,46,7,0.164082,1152.545455,41.565978,0.029903,206590.8182,0.375361,0.278152,0.218479,0.128008,0.414822,0.423484,0.161694,0.334937,0.606352,0.05871,cluster1
41031400987,47,3,0.123361,862.534759,25.206028,0.073598,163122.1426,0.770793,0.094939,0.098162,0.036106,0.68891,0.24049,0.0706,0.699549,0.295132,0.005319,cluster0
41031400987,48,8,0.274534,1132.575949,40.872056,0.609465,141647.698,0.338033,0.305937,0.246568,0.109462,0.561039,0.379035,0.059926,0.293878,0.706122,0,cluster1
41031400987,49,6,0.182255,974.763158,48.545969,0.032013,166804.8883,0.522709,0.102395,0.316268,0.058629,0.443435,0.268373,0.288192,0.516928,0.483072,0,cluster2
41031400987,50,5,0.447238,1091.575,19.691309,1.448112,171179.8917,0.654384,0.299238,0.046379,0,0.841169,0.115629,0.043202,0.570521,0.324015,0.105464,cluster0
41031400987,51,5,0.334417,1073.290909,27.680509,0.357415,188044.6545,0.505663,0.359883,0.119474,0.01498,0.78882,0.16551,0.04567,0.447205,0.552795,0,cluster2
41031400987,52,6,0.061312,1007.076923,39.202321,0.005612,135199.1781,0.5216,0.1528,0.3256,0,0.756,0.244,0,0.4056,0.5944,0,cluster2
41031400987,53,4,0.214557,847.230769,22.843359,0.251262,88040.23482,0.582609,0.303478,0.113913,0,0.517391,0.415652,0.066957,0.657391,0.342609,0,cluster2
41031400987,54,2,0.307634,888.68,12.099537,0.179943,145753.81,0.790155,0.170984,0.03886,0,0.651554,0.295337,0.053109,0.663212,0.336788,0,cluster0
41031400987,55,6,0.112407,1036.190476,48.006956,0.013786,307882.158,0.66474,0.131792,0.128902,0.074566,0.679191,0.283237,0.037572,0.647399,0.280347,0.072254,cluster0
41031400987,56,3,0.122042,903.9375,6.977559,0.01883,107097.2625,0.78427,0.21573,0,0,0.660674,0.334831,0.004494,0.631461,0.368539,0,cluster0
41031400987,57,2,0.061253,823.894737,7.046423,0.002621,71033.65497,0.892739,0.107261,0,0,0.731023,0.268977,0,0.79703,0.20297,0,cluster0
41031400987,58,6,0.119231,992.641791,31.06605,0.016989,123340.8091,0.456067,0.274291,0.269642,0,0.593677,0.324035,0.082287,0.437006,0.562994,0,cluster2
41031400987,59,6,0.166997,998.529412,59.552711,0.032334,182298.7341,0.523136,0.122751,0.208869,0.145244,0.441517,0.289846,0.268638,0.462725,0.537275,0,cluster2
41031400987,60,5,0.129266,977.333333,35.666617,0.018763,183031.5035,0.480589,0.358099,0.117805,0.043507,0.436412,0.441767,0.121821,0.512718,0.444444,0.042838,cluster2
41031400987,61,1,0.083907,682.789474,5.402387,0.034813,36210.60313,0.975594,0.024406,0,0,0.911609,0.075858,0.012533,0.975594,0.024406,0,cluster0
41031400987,62,10,0.150463,1280.640244,44.430021,0.028808,183661.5692,0.237748,0.224654,0.316124,0.221474,0.512346,0.348111,0.139544,0.189113,0.77385,0.037037,cluster1
41031400987,63,3,0.19706,895.16,16.570216,0.281955,164799.9733,0.252918,0.747082,0,0,0.904669,0.068093,0.027237,0.255837,0.744163,0,cluster2
41031400987,64,9,0.137211,1204.673913,36.991151,0.035889,136130.1802,0.234444,0.292269,0.384664,0.088624,0.585795,0.33061,0.083595,0.217473,0.763042,0.019485,cluster1
41031400987,65,5,0.222294,1134.4,35.162037,0.055724,252547.3,0.381356,0,0.618644,0,0.29661,0.279661,0.423729,0.101695,0.898305,0,cluster1
41031400987,66,10,0.135483,1268.40625,23.734241,0.059443,101329.2167,0.151151,0.294294,0.554555,0,0.613614,0.352352,0.034034,0.129129,0.870871,0,cluster1
41031400987,67,5,0.695767,1089.75,37.210648,1.214734,928094.9167,0.895652,0.06087,0.043478,0,0.895652,0,0.104348,0.895652,0.104348,0,cluster0
41031400987,68,15,0.329124,1477.963235,116.569397,0.685784,339019.8431,0.216477,0.098817,0.184049,0.500657,0.631025,0.285714,0.08326,0.194347,0.578002,0.227651,cluster1
41031400987,69,5,0.125768,938.02,47.326027,0.030319,201081.8159,0.756573,0.085686,0.082278,0.075463,0.712269,0.21519,0.072541,0.672347,0.327653,0,cluster0
41031400987,70,3,0.145374,850.055556,35.632511,0.027716,141003.6761,0.744844,0.12198,0.05716,0.076017,0.539187,0.309369,0.151444,0.636417,0.363583,0,cluster0
41031400987,71,5,0.185172,1054.065574,27.12457,0.110895,149081.3623,0.458564,0.369663,0.155198,0.016575,0.494726,0.359618,0.145655,0.405826,0.578101,0.016072,cluster2
41031400987,72,6,0.30944,1120.416667,42.562402,0.474227,214824.5929,0.472222,0.172222,0.293519,0.062037,0.372222,0.387963,0.239815,0.349074,0.621296,0.02963,cluster2
41031400987,73,6,0.169839,1072.804348,35.536619,0.030672,200743.8514,0.49286,0.28666,0.169627,0.050853,0.428422,0.399861,0.171717,0.419366,0.558342,0.022292,cluster2
41031400987,74,2,0.064672,813.142857,11.990006,0.0074,85003.62857,0.803328,0.196672,0,0,0.709531,0.245083,0.045386,0.695915,0.304085,0,cluster0
41031400987,75,5,0.153035,978.486239,34.459135,0.086165,184955.2706,0.633107,0.216183,0.030266,0.120445,0.713095,0.179432,0.107474,0.500926,0.485794,0.01328,cluster2
41031400987,76,10,0.343887,1207.533333,62.299468,1.303777,179866.0397,0.38251,0.08834,0.22903,0.300119,0.614515,0.303391,0.082094,0.325699,0.664783,0.009518,cluster1
41031400987,77,7,0.418782,1081,13.058495,0.145621,77499.33333,0.770492,0.196721,0.032787,0,0.278689,0.491803,0.229508,0.516393,0.483607,0,cluster2
41031400987,78,2,0.718397,912,12.063262,2.658754,195236.8235,0.734317,0.265683,0,0,0.686347,0.298893,0.01476,0.618081,0.381919,0,cluster0
41031400987,79,6,0.310224,1108.820513,40.052336,0.375658,187048.6248,0.59356,0.182768,0.083551,0.140122,0.556136,0.394256,0.049608,0.469974,0.474326,0.055701,cluster2
41031400987,80,0,0.016747,668.716667,4.660145,0.002398,36613.69802,0.914737,0.085263,0,0,0.957368,0.042632,0,0.907368,0.092632,0,cluster0
41031400987,81,3,0.096244,877.246988,21.499176,0.025055,139961.8841,0.695611,0.242527,0.043511,0.01835,0.662883,0.280931,0.056186,0.674234,0.313091,0.012675,cluster0
41031400987,82,10,0.316302,1100.571429,81.489961,0.186967,260305.4945,0.459318,0.175853,0.099738,0.265092,0.467192,0.257218,0.275591,0.545932,0.364829,0.089239,cluster1
41031400987,83,3,0.089587,869.840237,33.11887,0.016252,154648.1231,0.718021,0.136219,0.100707,0.045053,0.687633,0.254594,0.057774,0.660071,0.339929,0,cluster0
41031400987,84,2,0.132317,825.422764,13.678891,0.083061,124943.0985,0.791273,0.167134,0.041592,0,0.674662,0.245471,0.079867,0.691248,0.300842,0.00791,cluster0
41031400987,85,3,0.073343,831.9,14.46845,0.006706,84822.54444,0.680921,0.319079,0,0,0.677632,0.322368,0,0.680921,0.319079,0,cluster0
41031400987,86,4,0.184032,933.622642,24.333777,0.083927,131176.0856,0.701237,0.215033,0.068506,0.015224,0.683635,0.23549,0.080875,0.607517,0.392483,0,cluster0
41031400987,87,4,0.181474,1069.833333,25.268308,0.060877,144788.3333,0.583333,0.111111,0.305556,0,0.375,0.496528,0.128472,0.444444,0.555556,0,cluster2
41031400987,88,9,0.099399,1156.412903,61.606024,0.016586,167040.257,0.395368,0.143001,0.200403,0.261229,0.629204,0.304532,0.066264,0.336959,0.663041,0,cluster1
41031400987,89,3,0.084789,825.521739,26.197055,0.016099,120565.8063,0.676596,0.137589,0.185816,0,0.678014,0.182979,0.139007,0.676596,0.323404,0,cluster0
41031400987,90,4,0.131914,1062.423077,15.53858,0.012229,156143.5338,0.654306,0.307416,0.038278,0,0.462919,0.427033,0.110048,0.45933,0.54067,0,cluster2
41031400987,91,2,0.061516,823.658537,8.226061,0.005332,81845.73049,0.867635,0.10573,0.026634,0,0.687651,0.285714,0.026634,0.614205,0.385795,0,cluster0
41031400987,92,12,0.140464,1229.904348,69.329887,0.057054,175769.4381,0.36384,0.078339,0.134046,0.423775,0.714499,0.234519,0.050982,0.238995,0.761005,0,cluster1
41031400987,93,8,0.131563,1106.305085,50.698233,0.045908,179216.8364,0.463442,0.188414,0.173228,0.174916,0.674353,0.308211,0.017435,0.406074,0.557368,0.036558,cluster1
41031400987,94,6,0.108694,1002.435294,50.160956,0.023398,197783.6773,0.607087,0.102414,0.152648,0.13785,0.69743,0.260514,0.042056,0.540109,0.459891,0,cluster2
41031400987,95,5,0.152443,982.326923,44.718638,0.032112,159127.4008,0.624019,0.162342,0.111648,0.101992,0.527459,0.329511,0.14303,0.550392,0.449608,0,cluster2
41031400987,96,8,0.155387,1090.71875,53.55973,0.248622,157438.6043,0.47377,0.185574,0.161639,0.179016,0.661639,0.293443,0.044918,0.39377,0.60623,0,cluster1
41031400987,97,5,0.094191,925.433333,32.524223,0.019056,199192.2358,0.670166,0.167985,0.139896,0.021953,0.750068,0.197028,0.052904,0.634306,0.35165,0.014044,cluster0
41031400987,99,4,0.158835,820.16129,33.332006,0.032471,193653.6731,0.782609,0.076398,0.140994,0,0.747205,0.11118,0.141615,0.783851,0.216149,0,cluster0
41031400987,100,5,0.134734,1021.076923,14.333056,0.02545,144056.0769,0.318421,0.681579,0,0,0.536842,0.426316,0.036842,0.407895,0.592105,0,cluster2
41031400987,101,7,0.532428,1079.690909,50.711487,1.495906,216847.8842,0.45122,0.282927,0.140854,0.125,0.394512,0.40061,0.204878,0.506098,0.472561,0.021341,cluster2
41031400987,102,7,0.094736,1053.025,78.933998,0.018352,220278.384,0.483016,0.081193,0.185584,0.250207,0.625518,0.32063,0.053853,0.511185,0.488815,0,cluster1
41031400987,103,6,0.341598,1025.592593,32.368058,0.261605,164858.0969,0.530159,0.34127,0.11746,0.011111,0.649206,0.271429,0.079365,0.552381,0.447619,0,cluster2
41031400987,104,5,0.080641,947.1,19.019204,0.003813,96668.32222,0.484277,0.415094,0.100629,0,0.720126,0.279874,0,0.465409,0.534591,0,cluster2
41031400987,105,7,0.173939,1066.900901,58.102951,0.243855,191074.2355,0.543922,0.15529,0.125102,0.175687,0.670383,0.258907,0.07071,0.524069,0.475931,0,cluster2
41031400987,107,5,0.104439,952.089552,48.857459,0.021885,175430.6585,0.627818,0.093046,0.154916,0.124221,0.705516,0.141007,0.153477,0.581775,0.418225,0,cluster2
41031400987,108,6,0.191479,1040.230769,26.85482,0.148524,150159.6246,0.394385,0.350267,0.255348,0,0.675134,0.264706,0.06016,0.385027,0.614973,0,cluster2
41031400987,109,2,0.072634,798.209945,25.808215,0.027003,115567.989,0.796328,0.104817,0.077985,0.020869,0.764946,0.203515,0.031539,0.745489,0.254511,0,cluster0
41031400987,110,2,0.065144,782.319149,13.079739,0.011083,102041.222,0.775578,0.2033,0.021122,0,0.787459,0.169637,0.042904,0.757756,0.242244,0,cluster0
41031400987,111,2,0.272197,843.583333,15.993266,0.323991,124008.0833,0.58427,0.307116,0.108614,0,0.745318,0.127341,0.127341,0.700375,0.299625,0,cluster0
41031400987,112,1,0.050521,728.963636,5.474602,0.025703,51340.1468,0.888952,0.111048,0,0,0.885552,0.108215,0.006232,0.864589,0.135411,0,cluster0
41031400987,113,7,0.338476,1146.717949,25.977158,0.836397,123740.2078,0.434783,0.363478,0.142609,0.05913,0.475652,0.481739,0.042609,0.374783,0.625217,0,cluster2
41031400987,114,4,0.084254,974.826923,26.465788,0.035713,175391.6361,0.692308,0.156899,0.150794,0,0.84127,0.152015,0.006716,0.485958,0.514042,0,cluster0
41031400987,115,5,0.102256,950.684211,25.577124,0.014286,116974.0058,0.443686,0.390785,0.165529,0,0.62116,0.336177,0.042662,0.561433,0.438567,0,cluster2
41031400987,116,8,0.356548,1108.8,43.726852,0.359989,111042.2,0.745763,0,0.254237,0,0.813559,0.067797,0.118644,0.067797,0.932203,0,cluster1
41031400987,117,4,0.166771,978.966292,29.364632,0.143513,216060.5329,0.684735,0.19764,0.070428,0.047198,0.640487,0.314159,0.045354,0.537979,0.412979,0.049041,cluster2
41031400987,118,6,0.173202,1023.614286,36.281024,0.04898,154037.3708,0.588034,0.195884,0.166921,0.049162,0.622332,0.316692,0.060976,0.554116,0.445884,0,cluster2
41031400987,119,10,0.238867,1268.391304,74.277192,0.101388,327347.9763,0.373134,0.170813,0.14262,0.313433,0.485904,0.328358,0.185738,0.373134,0.588723,0.038143,cluster1
41031400987,120,6,0.162855,1117.641026,33.543676,0.017415,183832.2888,0.506773,0.338645,0.076494,0.078088,0.455777,0.361753,0.18247,0.38008,0.592032,0.027888,cluster2
41031400987,121,5,0.097526,975.945455,54.240034,0.014504,210597.9414,0.616983,0.115796,0.132423,0.134798,0.651425,0.305819,0.042755,0.57601,0.404394,0.019596,cluster2
41031400987,122,7,0.137241,1078.8125,42.820243,0.016446,176211.7301,0.406332,0.23153,0.296834,0.065303,0.453166,0.386544,0.16029,0.361478,0.617414,0.021108,cluster2
41031400987,123,1,0.062586,720.210526,8.641298,0.030179,93551.52632,0.91719,0.05197,0.03084,0,0.846374,0.130782,0.022844,0.873786,0.126214,0,cluster0
41031400987,124,4,0.112785,934.278027,38.313952,0.06981,172538.0755,0.688861,0.108508,0.122346,0.080285,0.698863,0.246472,0.054665,0.603507,0.38745,0.009042,cluster0
41031400987,125,5,0.128106,990.918605,37.818912,0.046526,174235.0874,0.604739,0.217751,0.093268,0.084242,0.528018,0.38962,0.082362,0.517112,0.470478,0.012411,cluster2
41031400987,126,5,0.211586,1012.310345,31.741227,0.317293,177522.9546,0.654252,0.126737,0.203446,0.015564,0.638688,0.231795,0.129516,0.530295,0.451918,0.017788,cluster2
41031400987,127,6,0.501619,1094.035714,43.882683,0.664998,232272.5542,0.371102,0.172557,0.4158,0.040541,0.663202,0.213098,0.123701,0.33368,0.596674,0.069647,cluster1
41031400987,128,5,0.157463,996.2,31.278428,0.019921,118591.0105,0.574013,0.217105,0.15625,0.052632,0.360197,0.532895,0.106908,0.46875,0.53125,0,cluster2
41031400987,129,3,0.056546,787.08,25.461864,0.007117,93851.6703,0.811187,0.127694,0.025375,0.035744,0.803001,0.189086,0.007913,0.796453,0.203547,0,cluster0
41031400987,130,6,0.111523,1043,60.264774,0.021613,252771.4894,0.60143,0.083225,0.122887,0.192458,0.607282,0.247724,0.144993,0.496099,0.483095,0.020806,cluster2
41031400996,1,5,0.100642,1127.248485,27.455489,0.012296,105365.2123,0.563758,0.276318,0.141515,0.018408,0.627804,0.306999,0.065197,0.427613,0.566251,0.006136,cluster2
41031400996,2,6,0.16892,1504.925926,39.366989,0.149546,769567.2281,0.519548,0.183262,0.267563,0.029627,0.591936,0.280391,0.127673,0.438607,0.306048,0.255345,cluster2
41031400996,3,3,0.14438,1132.714286,11.875367,0.009198,136220.5714,0.424242,0.575758,0,0,0.581818,0.418182,0,0.4,0.6,0,cluster2
41031400996,4,7,0.263837,1154.75,26.690516,0.086392,153435.8409,0.708428,0.157175,0.134396,0,0.537585,0.328018,0.134396,0.505695,0.494305,0,cluster2
41031400996,5,3,0.370229,1063.066667,20.673133,0.542885,94509.35238,0.621253,0.256131,0.122616,0,0.577657,0.40327,0.019074,0.509537,0.490463,0,cluster2
41031400996,6,2,0.208363,955.5,9.411815,0.211806,95049.32353,0.768322,0.231678,0,0,0.583924,0.399527,0.016548,0.617021,0.382979,0,cluster0
41031400996,7,0,0.045087,787.90625,0.727969,0.060179,24194.66835,1,0,0,0,0.996929,0,0.003071,0.967247,0.032753,0,cluster0
41031400996,8,3,0.248509,1126.666667,15.961505,0.063716,149888.5,0.743802,0.107438,0.14876,0,0.338843,0.252066,0.409091,0.561983,0.438017,0,cluster2
41031400996,9,7,0.192579,1199.661017,50.702472,0.098251,168178.6417,0.539474,0.145833,0.174342,0.140351,0.412829,0.451206,0.135965,0.354167,0.61239,0.033443,cluster2
41031400996,10,2,0.104052,1134.636364,5.223064,0.006991,206904.8545,0.792254,0.207746,0,0,0.521127,0.478873,0,0.640845,0.359155,0,cluster0
41031400996,11,0,0,750.592593,0,0,28.25071,1,0,0,0,1,0,0,1,0,0,cluster0
41031400996,12,3,0.147164,1129.388889,13.778191,0.015425,94863.78105,0.736626,0.197531,0.065844,0,0.345679,0.5,0.154321,0.31893,0.68107,0,cluster2
41031400996,13,4,0.099211,990.30303,37.209488,0.029743,183506.5837,0.675144,0.154031,0.140115,0.03071,0.671785,0.25048,0.077735,0.589731,0.394914,0.015355,cluster0
41031400996,14,3,0.08158,983.396825,24.628421,0.025819,71397.24322,0.705852,0.179671,0.114476,0,0.732546,0.232546,0.034908,0.647844,0.352156,0,cluster0
41031400996,15,3,0.354344,1110.888889,16.064386,0.45534,66600.11111,0.832536,0.167464,0,0,0.325359,0.507177,0.167464,0.330144,0.669856,0,cluster2
41031400996,16,4,0.19017,1131.657895,23.905296,0.171711,147893.3214,0.627917,0.241667,0.130417,0,0.604167,0.260833,0.135,0.44875,0.55125,0,cluster2
41031400996,17,3,0.106547,984.966667,30.284107,0.030217,111096.1899,0.746966,0.126695,0.094575,0.031763,0.68808,0.169522,0.142398,0.678801,0.309779,0.01142,cluster0
41031400996,18,5,0.216907,1524.325581,35.40966,0.023559,699973.4153,0.584475,0.144597,0.221461,0.049467,0.271689,0.433029,0.295282,0.404871,0.30137,0.29376,cluster2
41031400996,19,8,0.166376,1234.925,46.236151,0.018938,115174.1224,0.379032,0.237903,0.255645,0.127419,0.35,0.475806,0.174194,0.329032,0.641129,0.029839,cluster1
41031400996,20,2,0.07582,996.323529,16.362426,0.014696,83914.40731,0.793213,0.137858,0.068929,0,0.724284,0.138918,0.136797,0.659597,0.340403,0,cluster0
41031400996,21,6,0.336853,1240.166667,21.167443,0.200009,178763.5588,0.611722,0.309524,0.078755,0,0.582418,0.368132,0.049451,0.478022,0.521978,0,cluster2
41031400996,22,5,0.287087,1143.125,32.06758,0.367397,76343.85,0.556582,0.152425,0.290993,0,0.466513,0.448037,0.08545,0.468822,0.531178,0,cluster2
41031400996,23,4,0.152449,1107.461538,24.058455,0.064766,69583.62348,0.713802,0.123624,0.162574,0,0.627434,0.298052,0.074513,0.463167,0.536833,0,cluster2
41031400996,24,7,0.176231,1314.090909,14.896184,0.017404,28581.89091,0.498423,0.312303,0.189274,0,0.208202,0.782334,0.009464,0.094637,0.905363,0,cluster2
41031400996,25,3,0.128119,1034.920635,22.596923,0.09509,62084.00973,0.620404,0.298291,0.081305,0,0.727602,0.158985,0.113413,0.587778,0.412222,0,cluster0
41031400996,26,4,0.172435,1015.214286,35.415819,0.057046,68242.95055,0.649596,0.086253,0.264151,0,0.574124,0.336927,0.088949,0.495957,0.504043,0,cluster2
41031400996,27,3,0.278936,1224.828571,27.136892,0.635382,350133.4403,0.817073,0.094512,0.033537,0.054878,0.668699,0.203252,0.128049,0.599593,0.28252,0.117886,cluster0
41031400996,28,3,0.059678,1113.445255,31.297799,0.02309,308979.3371,0.745442,0.089762,0.126928,0.037868,0.798738,0.173446,0.027817,0.676952,0.248481,0.074568,cluster0
41031400996,29,8,0.155811,1898.051724,47.170245,0.081127,758303.2078,0.375823,0.246559,0.244165,0.133453,0.54997,0.357271,0.092759,0.321364,0.112507,0.566128,cluster1
41031400996,30,6,0.153113,1165.742857,39.435243,0.059678,108967.1793,0.497121,0.238964,0.179463,0.084453,0.558061,0.328695,0.113244,0.415547,0.571017,0.013436,cluster2
41031400996,31,4,0.097923,1461.538462,25.208322,0.020161,460757.1946,0.58773,0.251534,0.160736,0,0.652761,0.304908,0.042331,0.431902,0.369939,0.19816,cluster2
41031400996,32,11,0.13617,1897.504348,84.13625,0.026068,809932.2873,0.322535,0.090986,0.275775,0.310704,0.581127,0.30507,0.113803,0.221408,0.290986,0.487606,cluster1
41031400996,33,1,0.039446,878.916667,7.924047,0.003997,42012.86232,0.908046,0.091954,0,0,0.814655,0.185345,0,0.768678,0.231322,0,cluster0
41031400996,34,11,0.204338,1617.190476,78.579102,0.050831,619722.2326,0.307521,0.154871,0.232307,0.3053,0.41828,0.303396,0.278324,0.286893,0.397017,0.31609,cluster1
41031400996,35,2,0.105946,929,12.613244,0.036968,80791.91489,0.835353,0.142552,0.022096,0,0.722737,0.248753,0.02851,0.667142,0.332858,0,cluster0
41031400996,36,7,0.155528,1253.376344,31.2827,0.102991,85816.51987,0.398675,0.370771,0.152773,0.077782,0.571678,0.372864,0.055459,0.220439,0.779561,0,cluster2
41031400996,37,11,0.328022,1356.361702,55.316793,0.464767,112138.4533,0.129069,0.369503,0.189606,0.311822,0.565962,0.320959,0.113078,0.065106,0.879497,0.055397,cluster1
41031400996,38,11,0.201625,2039.15,61.313279,0.049287,690407.8253,0.283193,0.201261,0.210084,0.305462,0.403361,0.385714,0.210924,0.178571,0.254622,0.566807,cluster1
41031400996,39,5,0.118953,1036.75,42.879606,0.017174,75425.11364,0.63662,0.090141,0.183099,0.090141,0.625352,0.194366,0.180282,0.374648,0.625352,0,cluster2
41031400996,40,7,0.131463,1742.157895,79.407428,0.152509,751434.4961,0.467303,0.227141,0.168403,0.137153,0.724537,0.238137,0.037326,0.359954,0.239583,0.400463,cluster1
41031400996,41,12,0.162835,2197.262295,75.812673,0.022355,786563.2634,0.294086,0.135322,0.293021,0.277571,0.552477,0.293021,0.154502,0.178476,0.182738,0.638785,cluster1
41031400996,42,5,0.10847,1482.484848,39.917048,0.017658,681543.3921,0.564064,0.162663,0.206707,0.066567,0.597598,0.321822,0.080581,0.433934,0.258258,0.307808,cluster2
41031400996,43,6,0.160417,1261.191257,40.108866,0.060331,335919.7709,0.521588,0.211548,0.204786,0.062077,0.550373,0.347494,0.102133,0.380267,0.516213,0.10352,cluster2
41031400996,44,10,0.325496,1351.372549,78.099692,0.438136,287917.2658,0.378179,0.075399,0.297457,0.248965,0.517741,0.227085,0.255174,0.331165,0.60408,0.064755,cluster1
41031400996,45,9,0.1486,1195.657895,67.257242,0.072817,168824.8147,0.458568,0.109413,0.218021,0.213998,0.685036,0.21963,0.095334,0.433226,0.539823,0.026951,cluster1
41031400996,46,3,0.093907,1191.493902,21.886248,0.016899,378107.1717,0.765825,0.10233,0.131845,0,0.663883,0.231068,0.105049,0.636117,0.238058,0.125825,cluster0
41031400996,47,3,0.121879,1442.53271,17.405045,0.015347,450327.7041,0.723113,0.21331,0.05407,0.009507,0.538324,0.362151,0.099525,0.409388,0.373143,0.217469,cluster2
41031400996,48,3,0.102358,1305.794118,22.530933,0.0122,452762.4715,0.72093,0.153101,0.125969,0,0.564922,0.373062,0.062016,0.554264,0.260659,0.185078,cluster0
41031400996,49,4,0.194347,1299.611111,24.008533,0.098168,505586.3931,0.779163,0.178963,0.03988,0.001994,0.689432,0.263709,0.046859,0.622134,0.231805,0.146062,cluster0
41031400996,50,8,0.157045,1936.710145,45.57156,0.03909,801766.0324,0.431209,0.225934,0.211868,0.130989,0.591209,0.295385,0.113407,0.366154,0.130989,0.502857,cluster1
41031400996,51,10,0.123614,2411.591837,35.872019,0.020328,527851.1633,0.125255,0.373043,0.312457,0.189244,0.535058,0.422737,0.042206,0.047651,0.121171,0.831178,cluster1
41031400996,52,0,0.000827,776.571429,0.005307,0.000019,11404.69841,1,0,0,0,1,0,0,0.981906,0.018094,0,cluster0
41031400996,53,4,0.112257,1151.771277,23.172473,0.017281,134846.2094,0.693088,0.190981,0.090966,0.024965,0.623966,0.299891,0.076143,0.475893,0.498674,0.025433,cluster2
41031400996,54,9,0.175917,1192.594937,63.730361,0.190522,190410.8595,0.529178,0.121295,0.161014,0.188512,0.721968,0.165292,0.112741,0.510541,0.489459,0,cluster1
41031400996,55,5,0.209999,1218.507246,31.545256,0.234604,359554.7536,0.627787,0.207547,0.15223,0.012436,0.580617,0.248714,0.170669,0.509005,0.435678,0.055317,cluster2
41031400996,56,7,0.088183,1637.315385,70.455863,0.017027,938908.047,0.546689,0.1317,0.166141,0.155469,0.687364,0.249818,0.062818,0.470046,0.14698,0.382974,cluster1
41031400996,57,12,0.240186,1339.267857,62.01677,0.192129,160713.6179,0.418422,0.140127,0.10975,0.3317,0.700637,0.204802,0.094561,0.369917,0.630083,0,cluster1
41031400996,58,7,0.188665,1237.666667,44.107167,0.149339,142126.7544,0.580833,0.103333,0.235833,0.08,0.548333,0.2875,0.164167,0.335833,0.6375,0.026667,cluster2
41031400996,59,5,0.152671,1203.375,34.575296,0.022037,141955.7167,0.469194,0.305687,0.225118,0,0.407583,0.374408,0.218009,0.317536,0.682464,0,cluster2
41031400996,60,2,0.123942,928.956522,9.68166,0.046884,66403.2253,0.856278,0.143722,0,0,0.74584,0.199697,0.054463,0.759455,0.240545,0,cluster0
41031400996,61,5,0.33804,1199,27.22112,0.163827,148554,0.467391,0.347826,0.184783,0,0.445652,0.331522,0.222826,0.298913,0.701087,0,cluster2
